 -7.72327E-05, -1.87073E-05,  4.65740E-05,  1.19175E-04,  1.99686E-04,  2.88724E-04,  3.86921E-04,  4.94929E-04,  6.13405E-04,  7.43002E-04,  8.84360E-04,  1.03809E-03,  1.20476E-03,  1.38485E-03,  1.57878E-03,  1.78679E-03,  2.00901E-03,  2.24534E-03,  2.49542E-03,  2.75863E-03,  3.03396E-03,  3.32005E-03,  3.61505E-03,  3.91668E-03,  4.22212E-03,  4.52806E-03,  4.83071E-03,  5.12583E-03,  5.40885E-03,  5.67494E-03,  5.91924E-03,  6.13699E-03,  6.32374E-03,  6.47559E-03,  6.58934E-03,  6.66270E-03,  6.69437E-03,  6.68414E-03,  6.63284E-03,  6.54235E-03,  6.41540E-03,  6.25548E-03,  6.06661E-03,  5.85317E-03,  5.61968E-03,  5.37067E-03,  5.11049E-03,  4.84321E-03,  4.57254E-03,  4.30177E-03,  4.03373E-03,  3.77084E-03,  3.51506E-03,  3.26795E-03,  3.03070E-03,  2.80418E-03,  2.58896E-03,  2.38538E-03,  2.19356E-03,  2.01346E-03,  1.84488E-03,  1.68755E-03,  1.54109E-03,  1.40506E-03,  1.27900E-03,  1.16238E-03,  1.05470E-03,  9.55432E-04,  8.64051E-04,
 -8.39417E-05, -2.37581E-05,  4.36247E-05,  1.18842E-04,  2.02566E-04,  2.95502E-04,  3.98386E-04,  5.11982E-04,  6.37070E-04,  7.74442E-04,  9.24887E-04,  1.08918E-03,  1.26805E-03,  1.46217E-03,  1.67214E-03,  1.89840E-03,  2.14125E-03,  2.40078E-03,  2.67678E-03,  2.96873E-03,  3.27572E-03,  3.59636E-03,  3.92873E-03,  4.27034E-03,  4.61805E-03,  4.96807E-03,  5.31598E-03,  5.65674E-03,  5.98484E-03,  6.29438E-03,  6.57933E-03,  6.83374E-03,  7.05202E-03,  7.22922E-03,  7.36127E-03,  7.44526E-03,  7.47957E-03,  7.46396E-03,  7.39958E-03,  7.28887E-03,  7.13538E-03,  6.94358E-03,  6.71859E-03,  6.46590E-03,  6.19114E-03,  5.89985E-03,  5.59728E-03,  5.28827E-03,  4.97716E-03,  4.66773E-03,  4.36316E-03,  4.06610E-03,  3.77865E-03,  3.50241E-03,  3.23857E-03,  2.98791E-03,  2.75091E-03,  2.52777E-03,  2.31846E-03,  2.12279E-03,  1.94041E-03,  1.77087E-03,  1.61365E-03,  1.46818E-03,  1.33384E-03,  1.20999E-03,  1.09602E-03,  9.91274E-04,  8.95149E-04,
 -9.25473E-05, -3.08777E-05,  3.84389E-05,  1.16115E-04,  2.02910E-04,  2.99630E-04,  4.07122E-04,  5.26275E-04,  6.58011E-04,  8.03278E-04,  9.63038E-04,  1.13825E-03,  1.32986E-03,  1.53876E-03,  1.76577E-03,  2.01158E-03,  2.27674E-03,  2.56157E-03,  2.86609E-03,  3.18997E-03,  3.53243E-03,  3.89216E-03,  4.26720E-03,  4.65488E-03,  5.05176E-03,  5.45351E-03,  5.85500E-03,  6.25023E-03,  6.63253E-03,  6.99466E-03,  7.32911E-03,  7.62836E-03,  7.88530E-03,  8.09359E-03,  8.24801E-03,  8.34481E-03,  8.38195E-03,  8.35918E-03,  8.27805E-03,  8.14181E-03,  7.95513E-03,  7.72378E-03,  7.45434E-03,  7.15374E-03,  6.82903E-03,  6.48700E-03,  6.13402E-03,  5.77584E-03,  5.41752E-03,  5.06336E-03,  4.71691E-03,  4.38104E-03,  4.05792E-03,  3.74916E-03,  3.45588E-03,  3.17872E-03,  2.91799E-03,  2.67371E-03,  2.44565E-03,  2.23341E-03,  2.03644E-03,  1.85410E-03,  1.68568E-03,  1.53044E-03,  1.38760E-03,  1.25639E-03,  1.13603E-03,  1.02579E-03,  9.24929E-04,
 -1.03187E-04, -4.02403E-05,  3.08012E-05,  1.10732E-04,  2.00406E-04,  3.00736E-04,  4.12692E-04,  5.37304E-04,  6.75651E-04,  8.28857E-04,  9.98083E-04,  1.18451E-03,  1.38932E-03,  1.61368E-03,  1.85869E-03,  2.12535E-03,  2.41452E-03,  2.72684E-03,  3.06266E-03,  3.42192E-03,  3.80410E-03,  4.20803E-03,  4.63182E-03,  5.07271E-03,  5.52693E-03,  5.98963E-03,  6.45486E-03,  6.91550E-03,  7.36344E-03,  7.78975E-03,  8.18499E-03,  8.53961E-03,  8.84445E-03,  9.09129E-03,  9.27334E-03,  9.38574E-03,  9.42585E-03,  9.39344E-03,  9.29066E-03,  9.12186E-03,  8.89323E-03,  8.61237E-03,  8.28775E-03,  7.92825E-03,  7.54268E-03,  7.13946E-03,  6.72629E-03,  6.31000E-03,  5.89644E-03,  5.49047E-03,  5.09600E-03,  4.71604E-03,  4.35281E-03,  4.00783E-03,  3.68203E-03,  3.37587E-03,  3.08941E-03,  2.82239E-03,  2.57432E-03,  2.34453E-03,  2.13224E-03,  1.93655E-03,  1.75655E-03,  1.59128E-03,  1.43978E-03,  1.30112E-03,  1.17436E-03,  1.05864E-03,  9.53096E-04,
 -1.15987E-04, -5.20099E-05,  2.05033E-05,  1.02434E-04,  1.94736E-04,  2.98438E-04,  4.14646E-04,  5.44540E-04,  6.89373E-04,  8.50471E-04,  1.02922E-03,  1.22705E-03,  1.44543E-03,  1.68585E-03,  1.94974E-03,  2.23850E-03,  2.55338E-03,  2.89546E-03,  3.26549E-03,  3.66387E-03,  4.09042E-03,  4.54432E-03,  5.02385E-03,  5.52625E-03,  6.04754E-03,  6.58235E-03,  7.12381E-03,  7.66351E-03,  8.19158E-03,  8.69692E-03,  9.16759E-03,  9.59131E-03,  9.95617E-03,  1.02514E-02,  1.04680E-02,  1.05996E-02,  1.06427E-02,  1.05972E-02,  1.04660E-02,  1.02552E-02,  9.97299E-03,  9.62950E-03,  9.23578E-03,  8.80326E-03,  8.34308E-03,  7.86565E-03,  7.38029E-03,  6.89508E-03,  6.41676E-03,  5.95073E-03,  5.50119E-03,  5.07123E-03,  4.66296E-03,  4.27772E-03,  3.91615E-03,  3.57839E-03,  3.26412E-03,  2.97276E-03,  2.70346E-03,  2.45522E-03,  2.22694E-03,  2.01744E-03,  1.82555E-03,  1.65007E-03,  1.48983E-03,  1.34370E-03,  1.21059E-03,  1.08946E-03,  9.79348E-04,
 -1.31056E-04, -6.63353E-05,  7.34972E-06,  9.09713E-05,  1.85590E-04,  2.92357E-04,  4.12522E-04,  5.47430E-04,  6.98529E-04,  8.67363E-04,  1.05557E-03,  1.26488E-03,  1.49708E-03,  1.75402E-03,  2.03758E-03,  2.34960E-03,  2.69185E-03,  3.06594E-03,  3.47323E-03,  3.91469E-03,  4.39074E-03,  4.90104E-03,  5.44429E-03,  6.01793E-03,  6.61791E-03,  7.23839E-03,  7.87156E-03,  8.50749E-03,  9.13420E-03,  9.73781E-03,  1.03031E-02,  1.08141E-02,  1.12552E-02,  1.16119E-02,  1.18723E-02,  1.20277E-02,  1.20737E-02,  1.20101E-02,  1.18413E-02,  1.15755E-02,  1.12240E-02,  1.08004E-02,  1.03193E-02,  9.79549E-03,  9.24314E-03,  8.67517E-03,  8.10285E-03,  7.53567E-03,  6.98127E-03,  6.44556E-03,  5.93291E-03,  5.44630E-03,  4.98761E-03,  4.55778E-03,  4.15701E-03,  3.78495E-03,  3.44083E-03,  3.12357E-03,  2.83189E-03,  2.56438E-03,  2.31955E-03,  2.09589E-03,  1.89190E-03,  1.70613E-03,  1.53715E-03,  1.38362E-03,  1.24426E-03,  1.11789E-03,  1.00337E-03,
 -1.48480E-04, -8.33434E-05, -8.83437E-06,  7.61133E-05,  1.72670E-04,  2.82119E-04,  4.05860E-04,  5.45420E-04,  7.02451E-04,  8.78742E-04,  1.07621E-03,  1.29692E-03,  1.54302E-03,  1.81681E-03,  2.12066E-03,  2.45696E-03,  2.82812E-03,  3.23647E-03,  3.68412E-03,  4.17285E-03,  4.70391E-03,  5.27779E-03,  5.89387E-03,  6.55012E-03,  7.24265E-03,  7.96537E-03,  8.70954E-03,  9.46354E-03,  1.02128E-02,  1.09399E-02,  1.16253E-02,  1.22481E-02,  1.27873E-02,  1.32234E-02,  1.35400E-02,  1.37256E-02,  1.37739E-02,  1.36851E-02,  1.34655E-02,  1.31267E-02,  1.26844E-02,  1.21571E-02,  1.15642E-02,  1.09252E-02,  1.02581E-02,  9.57903E-03,  8.90147E-03,  8.23648E-03,  7.59258E-03,  6.97602E-03,  6.39109E-03,  5.84047E-03,  5.32549E-03,  4.84647E-03,  4.40296E-03,  3.99392E-03,  3.61794E-03,  3.27333E-03,  2.95824E-03,  2.67077E-03,  2.40896E-03,  2.17091E-03,  1.95475E-03,  1.75871E-03,  1.58110E-03,  1.42034E-03,  1.27495E-03,  1.14355E-03,  1.02486E-03,
 -1.68315E-04, -1.03132E-04, -2.81953E-05,  5.76556E-05,  1.55706E-04,  2.67373E-04,  3.94218E-04,  5.37956E-04,  7.00466E-04,  8.83798E-04,  1.09018E-03,  1.32203E-03,  1.58195E-03,  1.87270E-03,  2.19725E-03,  2.55866E-03,  2.96013E-03,  3.40484E-03,  3.89592E-03,  4.43626E-03,  5.02826E-03,  5.67363E-03,  6.37290E-03,  7.12502E-03,  7.92673E-03,  8.77199E-03,  9.65134E-03,  1.05514E-02,  1.14544E-02,  1.23386E-02,  1.31786E-02,  1.39465E-02,  1.46139E-02,  1.51541E-02,  1.55444E-02,  1.57684E-02,  1.58179E-02,  1.56934E-02,  1.54042E-02,  1.49670E-02,  1.44039E-02,  1.37404E-02,  1.30030E-02,  1.22172E-02,  1.14062E-02,  1.05898E-02,  9.78430E-03,  9.00227E-03,  8.25294E-03,  7.54258E-03,  6.87505E-03,  6.25228E-03,  5.67472E-03,  5.14173E-03,  4.65188E-03,  4.20324E-03,  3.79351E-03,  3.42026E-03,  3.08092E-03,  2.77298E-03,  2.49394E-03,  2.24143E-03,  2.01317E-03,  1.80704E-03,  1.62104E-03,  1.45332E-03,  1.30218E-03,  1.16606E-03,  1.04352E-03,
 -1.90584E-04, -1.25761E-04, -5.08417E-05,  3.54319E-05,  1.34460E-04,  2.47801E-04,  3.77181E-04,  5.24515E-04,  6.91918E-04,  8.81723E-04,  1.09650E-03,  1.33905E-03,  1.61246E-03,  1.92006E-03,  2.26547E-03,  2.65257E-03,  3.08547E-03,  3.56846E-03,  4.10595E-03,  4.70227E-03,  5.36147E-03,  6.08699E-03,  6.88115E-03,  7.74458E-03,  8.67536E-03,  9.66817E-03,  1.07132E-02,  1.17954E-02,  1.28934E-02,  1.39799E-02,  1.50215E-02,  1.59810E-02,  1.68191E-02,  1.74984E-02,  1.79866E-02,  1.82606E-02,  1.83090E-02,  1.81330E-02,  1.77466E-02,  1.71744E-02,  1.64481E-02,  1.56034E-02,  1.46768E-02,  1.37019E-02,  1.27087E-02,  1.17217E-02,  1.07600E-02,  9.83762E-03,  8.96401E-03,  8.14494E-03,  7.38323E-03,  6.67947E-03,  6.03270E-03,  5.44085E-03,  4.90115E-03,  4.41043E-03,  3.96530E-03,  3.56234E-03,  3.19815E-03,  2.86946E-03,  2.57316E-03,  2.30632E-03,  2.06621E-03,  1.85030E-03,  1.65628E-03,  1.48200E-03,  1.32552E-03,  1.18507E-03,  1.05905E-03,
 -2.15264E-04, -1.51246E-04, -7.68343E-05,  9.32527E-06,  1.08750E-04,  2.23137E-04,  3.54385E-04,  5.04614E-04,  6.76189E-04,  8.71739E-04,  1.09419E-03,  1.34679E-03,  1.63313E-03,  1.95718E-03,  2.32332E-03,  2.73635E-03,  3.20148E-03,  3.72437E-03,  4.31101E-03,  4.96763E-03,  5.70050E-03,  6.51551E-03,  7.41768E-03,  8.41032E-03,  9.49399E-03,  1.06651E-02,  1.19146E-02,  1.32259E-02,  1.45739E-02,  1.59242E-02,  1.72331E-02,  1.84498E-02,  1.95193E-02,  2.03881E-02,  2.10095E-02,  2.13499E-02,  2.13927E-02,  2.11410E-02,  2.06163E-02,  1.98553E-02,  1.89046E-02,  1.78153E-02,  1.66375E-02,  1.54168E-02,  1.41912E-02,  1.29908E-02,  1.18377E-02,  1.07466E-02,  9.72655E-03,  8.78175E-03,  7.91302E-03,  7.11881E-03,  6.39598E-03,  5.74043E-03,  5.14756E-03,  4.61258E-03,  4.13071E-03,  3.69730E-03,  3.30795E-03,  2.95852E-03,  2.64518E-03,  2.36437E-03,  2.11287E-03,  1.88769E-03,  1.68617E-03,  1.50585E-03,  1.34454E-03,  1.20025E-03,  1.07120E-03,
 -2.42282E-04, -1.79548E-04, -1.06176E-04, -2.07194E-05,  7.84530E-05,  1.93180E-04,  3.25534E-04,  4.77844E-04,  6.52730E-04,  8.53136E-04,  1.08236E-03,  1.34412E-03,  1.64257E-03,  1.98237E-03,  2.36875E-03,  2.80756E-03,  3.30533E-03,  3.86931E-03,  4.50748E-03,  5.22852E-03,  6.04158E-03,  6.95601E-03,  7.98071E-03,  9.12317E-03,  1.03881E-02,  1.17756E-02,  1.32786E-02,  1.48806E-02,  1.65527E-02,  1.82520E-02,  1.99209E-02,  2.14894E-02,  2.28793E-02,  2.40123E-02,  2.48190E-02,  2.52490E-02,  2.52785E-02,  2.49131E-02,  2.41871E-02,  2.31568E-02,  2.18920E-02,  2.04670E-02,  1.89518E-02,  1.74077E-02,  1.58833E-02,  1.44147E-02,  1.30262E-02,  1.17324E-02,  1.05400E-02,  9.45019E-03,  8.46049E-03,  7.56592E-03,  6.76017E-03,  6.03633E-03,  5.38734E-03,  4.80635E-03,  4.28680E-03,  3.82263E-03,  3.40820E-03,  3.03839E-03,  2.70852E-03,  2.41438E-03,  2.15215E-03,  1.91840E-03,  1.71005E-03,  1.52435E-03,  1.35883E-03,  1.21128E-03,  1.07975E-03,
 -2.71509E-04, -2.10563E-04, -1.38799E-04, -5.46820E-05,  4.35317E-05,  1.57820E-04,  2.90426E-04,  4.43891E-04,  6.21095E-04,  8.25303E-04,  1.06021E-03,  1.33001E-03,  1.63947E-03,  1.99400E-03,  2.39975E-03,  2.86377E-03,  3.39408E-03,  3.99983E-03,  4.69143E-03,  5.48058E-03,  6.38025E-03,  7.40441E-03,  8.56748E-03,  9.88322E-03,  1.13631E-02,  1.30135E-02,  1.48328E-02,  1.68065E-02,  1.89032E-02,  2.10706E-02,  2.32328E-02,  2.52923E-02,  2.71359E-02,  2.86461E-02,  2.97173E-02,  3.02719E-02,  3.02737E-02,  2.97339E-02,  2.87081E-02,  2.72853E-02,  2.55725E-02,  2.36791E-02,  2.17046E-02,  1.97308E-02,  1.78194E-02,  1.60121E-02,  1.43339E-02,  1.27964E-02,  1.14017E-02,  1.01457E-02,  9.02012E-03,  8.01512E-03,  7.11986E-03,  6.32361E-03,  5.61614E-03,  4.98796E-03,  4.43040E-03,  3.93564E-03,  3.49667E-03,  3.10722E-03,  2.76169E-03,  2.45512E-03,  2.18308E-03,  1.94165E-03,  1.72734E-03,  1.53706E-03,  1.36807E-03,  1.21794E-03,  1.08453E-03,
 -3.02747E-04, -2.44115E-04, -1.74557E-04, -9.24540E-05,  4.04400E-06,  1.17049E-04,  2.48972E-04,  4.02566E-04,  5.80972E-04,  7.87780E-04,  1.02709E-03,  1.30360E-03,  1.62270E-03,  1.99061E-03,  2.41449E-03,  2.90269E-03,  3.46492E-03,  4.11254E-03,  4.85881E-03,  5.71919E-03,  6.71148E-03,  7.85579E-03,  9.17415E-03,  1.06895E-02,  1.24236E-02,  1.43939E-02,  1.66088E-02,  1.90611E-02,  2.17201E-02,  2.45240E-02,  2.73739E-02,  3.01333E-02,  3.26350E-02,  3.46990E-02,  3.61590E-02,  3.68914E-02,  3.68396E-02,  3.60254E-02,  3.45421E-02,  3.25342E-02,  3.01694E-02,  2.76119E-02,  2.50036E-02,  2.24538E-02,  2.00382E-02,  1.78022E-02,  1.57672E-02,  1.39377E-02,  1.23068E-02,  1.08613E-02,  9.58455E-03,  8.45930E-03,  7.46858E-03,  6.59661E-03,  5.82909E-03,  5.15333E-03,  4.55809E-03,  4.03355E-03,  3.57109E-03,  3.16318E-03,  2.80323E-03,  2.48545E-03,  2.20478E-03,  1.95677E-03,  1.73751E-03,  1.54359E-03,  1.37198E-03,  1.22004E-03,  1.08544E-03,
 -3.35727E-04, -2.79947E-04, -2.13212E-04, -1.33825E-04, -3.98387E-05,  7.09871E-05,  2.01227E-04,  3.53839E-04,  5.32226E-04,  7.40300E-04,  9.82575E-04,  1.26426E-03,  1.59141E-03,  1.97105E-03,  2.41146E-03,  2.92238E-03,  3.51538E-03,  4.20432E-03,  5.00581E-03,  5.93978E-03,  7.03004E-03,  8.30462E-03,  9.79584E-03,  1.15395E-02,  1.35732E-02,  1.59320E-02,  1.86428E-02,  2.17141E-02,  2.51240E-02,  2.88048E-02,  3.26304E-02,  3.64089E-02,  3.98901E-02,  4.27909E-02,  4.48408E-02,  4.58353E-02,  4.56829E-02,  4.44255E-02,  4.22254E-02,  3.93245E-02,  3.59917E-02,  3.24774E-02,  2.89843E-02,  2.56562E-02,  2.25812E-02,  1.98020E-02,  1.73290E-02,  1.51514E-02,  1.32468E-02,  1.15874E-02,  1.01444E-02,  8.88992E-03,  7.79889E-03,  6.84901E-03,  6.02096E-03,  5.29816E-03,  4.66640E-03,  4.11355E-03,  3.62922E-03,  3.20452E-03,  2.83175E-03,  2.50430E-03,  2.21643E-03,  1.96315E-03,  1.74015E-03,  1.54366E-03,  1.37039E-03,  1.21749E-03,  1.08246E-03,
 -3.70102E-04, -3.17712E-04, -2.54423E-04, -1.78470E-04, -8.78161E-05,  1.98997E-05,  1.47407E-04,  2.97865E-04,  4.74929E-04,  6.82840E-04,  9.26518E-04,  1.21170E-03,  1.54510E-03,  1.93464E-03,  2.38968E-03,  2.92149E-03,  3.54367E-03,  4.27280E-03,  5.12931E-03,  6.13837E-03,  7.33104E-03,  8.74532E-03,  1.04270E-02,  1.24296E-02,  1.48136E-02,  1.76419E-02,  2.09729E-02,  2.48466E-02,  2.92654E-02,  3.41676E-02,  3.93995E-02,  4.46941E-02,  4.96718E-02,  5.38765E-02,  5.68527E-02,  5.82484E-02,  5.79083E-02,  5.59150E-02,  5.25610E-02,  4.82638E-02,  4.34657E-02,  3.85527E-02,  3.38126E-02,  2.94274E-02,  2.54891E-02,  2.20239E-02,  1.90162E-02,  1.64273E-02,  1.42090E-02,  1.23116E-02,  1.06882E-02,  9.29713E-03,  8.10255E-03,  7.07408E-03,  6.18631E-03,  5.41811E-03,  4.75189E-03,  4.17295E-03,  3.66899E-03,  3.22963E-03,  2.84606E-03,  2.51079E-03,  2.21740E-03,  1.96038E-03,  1.73498E-03,  1.53711E-03,  1.36325E-03,  1.21031E-03,  1.07565E-03,
 -4.05438E-04, -3.56966E-04, -2.97740E-04, -2.25940E-04, -1.39445E-04, -3.57852E-05,  8.79160E-05,  2.35010E-04,  4.09405E-04,  6.15660E-04,  8.59112E-04,  1.14603E-03,  1.48380E-03,  1.88123E-03,  2.34888E-03,  2.89956E-03,  3.54902E-03,  4.31683E-03,  5.22759E-03,  6.31244E-03,  7.61092E-03,  9.17313E-03,  1.10619E-02,  1.33547E-02,  1.61438E-02,  1.95345E-02,  2.36364E-02,  2.85475E-02,  3.43250E-02,  4.09408E-02,  4.82268E-02,  5.58214E-02,  6.31462E-02,  6.94488E-02,  7.39349E-02,  7.59707E-02,  7.52783E-02,  7.20257E-02,  6.67605E-02,  6.02287E-02,  5.31727E-02,  4.61907E-02,  3.96822E-02,  3.38599E-02,  2.87955E-02,  2.44702E-02,  2.08168E-02,  1.77484E-02,  1.51761E-02,  1.30180E-02,  1.12026E-02,  9.67006E-03,  8.37090E-03,  7.26499E-03,  6.31981E-03,  5.50906E-03,  4.81140E-03,  4.20936E-03,  3.68860E-03,  3.23720E-03,  2.84522E-03,  2.50427E-03,  2.20727E-03,  1.94819E-03,  1.72188E-03,  1.52395E-03,  1.35061E-03,  1.19862E-03,  1.06519E-03,
 -4.41213E-04, -3.97163E-04, -3.42597E-04, -2.75648E-04, -1.94127E-04, -9.54616E-05,  2.33619E-05,  1.65882E-04,  3.36250E-04,  5.39351E-04,  7.80936E-04,  1.06781E-03,  1.40808E-03,  1.81145E-03,  2.28969E-03,  2.85726E-03,  3.53214E-03,  4.33706E-03,  5.30110E-03,  6.46196E-03,  7.86877E-03,  9.58579E-03,  1.16967E-02,  1.43095E-02,  1.75601E-02,  2.16144E-02,  2.66630E-02,  3.29039E-02,  4.05035E-02,  4.95278E-02,  5.98405E-02,  7.09828E-02,  8.20825E-02,  9.18761E-02,  9.89267E-02,  1.02033E-01,  1.00669E-01,  9.51864E-02,  8.66607E-02,  7.64700E-02,  6.58827E-02,  5.58178E-02,  4.68000E-02,  3.90341E-02,  3.25153E-02,  2.71264E-02,  2.27060E-02,  1.90890E-02,  1.61254E-02,  1.36881E-02,  1.16732E-02,  9.99748E-03,  8.59538E-03,  7.41527E-03,  6.41660E-03,  5.56739E-03,  4.84224E-03,  4.22081E-03,  3.68664E-03,  3.22626E-03,  2.82858E-03,  2.48436E-03,  2.18586E-03,  1.92657E-03,  1.70096E-03,  1.50434E-03,  1.33272E-03,  1.18270E-03,  1.05136E-03,
 -4.76815E-04, -4.37650E-04, -3.88302E-04, -3.26868E-04, -2.51099E-04, -1.58334E-04, -4.54277E-05,  9.13384E-05,  2.56363E-04,  4.54855E-04,  6.92998E-04,  9.78163E-04,  1.31918E-03,  1.72673E-03,  2.21386E-03,  2.79671E-03,  3.49562E-03,  4.33659E-03,  5.35343E-03,  6.59077E-03,  8.10820E-03,  9.98586E-03,  1.23318E-02,  1.52912E-02,  1.90567E-02,  2.38781E-02,  3.00664E-02,  3.79825E-02,  4.79946E-02,  6.03816E-02,  7.51612E-02,  9.18408E-02,  1.09156E-01,  1.24969E-01,  1.36582E-01,  1.41583E-01,  1.38897E-01,  1.29309E-01,  1.15040E-01,  9.87286E-02,  8.25609E-02,  6.78997E-02,  5.53484E-02,  4.49904E-02,  3.66278E-02,  2.99521E-02,  2.46431E-02,  2.04145E-02,  1.70299E-02,  1.43018E-02,  1.20851E-02,  1.02687E-02,  8.76832E-03,  7.51941E-03,  6.47273E-03,  5.59028E-03,  4.84247E-03,  4.20599E-03,  3.66227E-03,  3.19632E-03,  2.79594E-03,  2.45105E-03,  2.15332E-03,  1.89576E-03,  1.67252E-03,  1.47865E-03,  1.30997E-03,  1.16295E-03,  1.03458E-03,
 -5.11537E-04, -4.77667E-04, -4.34039E-04, -3.78726E-04, -3.09430E-04, -2.23410E-04, -1.17396E-04,  1.25076E-05,  1.70951E-04,  3.63486E-04,  5.96754E-04,  8.78733E-04,  1.21906E-03,  1.62944E-03,  2.12431E-03,  2.72166E-03,  3.44427E-03,  4.32157E-03,  5.39226E-03,  6.70814E-03,  8.33970E-03,  1.03841E-02,  1.29762E-02,  1.63045E-02,  2.06307E-02,  2.63141E-02,  3.38343E-02,  4.38015E-02,  5.69289E-02,  7.39244E-02,  9.52363E-02,  1.20592E-01,  1.48348E-01,  1.74936E-01,  1.95111E-01,  2.03698E-01,  1.98301E-01,  1.80787E-01,  1.56042E-01,  1.29303E-01,  1.04290E-01,  8.28432E-02,  6.54116E-02,  5.16850E-02,  4.10549E-02,  3.28735E-02,  2.65693E-02,  2.16825E-02,  1.78603E-02,  1.48392E-02,  1.24251E-02,  1.04750E-02,  8.88387E-03,  7.57354E-03,  6.48567E-03,  5.57613E-03,  4.81111E-03,  4.16439E-03,  3.61533E-03,  3.14748E-03,  2.74756E-03,  2.40475E-03,  2.11013E-03,  1.85631E-03,  1.63714E-03,  1.44747E-03,  1.28295E-03,  1.13996E-03,  1.01541E-03,
 -5.44584E-04, -5.16346E-04, -4.78865E-04, -4.30200E-04, -3.68015E-04, -2.89496E-04, -1.91256E-04, -6.92147E-05,  8.15397E-05,  2.66929E-04,  4.94103E-04,  7.71723E-04,  1.11033E-03,  1.52283E-03,  2.02522E-03,  2.63753E-03,  3.38528E-03,  4.30156E-03,  5.43016E-03,  6.83020E-03,  8.58317E-03,  1.08034E-02,  1.36540E-02,  1.73698E-02,  2.22915E-02,  2.89104E-02,  3.79251E-02,  5.02981E-02,  6.72853E-02,  9.03732E-02,  1.20996E-01,  1.59813E-01,  2.05310E-01,  2.51916E-01,  2.89198E-01,  3.05161E-01,  2.93849E-01,  2.60128E-01,  2.15593E-01,  1.70889E-01,  1.31996E-01,  1.00786E-01,  7.68553E-02,  5.89348E-02,  4.56418E-02,  3.57791E-02,  2.84115E-02,  2.28471E-02,  1.85888E-02,  1.52841E-02,  1.26838E-02,  1.06111E-02,  8.93912E-03,  7.57615E-03,  6.45476E-03,  5.52480E-03,  4.74839E-03,  4.09647E-03,  3.54645E-03,  3.08047E-03,  2.68427E-03,  2.34631E-03,  2.05716E-03,  1.80909E-03,  1.59568E-03,  1.41162E-03,  1.25245E-03,  1.11446E-03,  9.94535E-04,
 -5.75071E-04, -5.52716E-04, -5.21713E-04, -4.80122E-04, -4.25578E-04, -3.55202E-04, -2.65488E-04, -1.52168E-04, -1.00425E-05,  1.67223E-04,  3.87360E-04,  6.59828E-04,  9.96242E-04,  1.41095E-03,  1.92181E-03,  2.55132E-03,  3.32816E-03,  4.28961E-03,  5.48497E-03,  6.98102E-03,  8.87024E-03,  1.12838E-02,  1.44120E-02,  1.85364E-02,  2.40790E-02,  3.16762E-02,  4.22836E-02,  5.73129E-02,  7.87865E-02,  1.09451E-01,  1.52673E-01,  2.11665E-01,  2.87096E-01,  3.72032E-01,  4.46020E-01,  4.78821E-01,  4.53435E-01,  3.84248E-01,  3.01184E-01,  2.25734E-01,  1.65790E-01,  1.21244E-01,  8.91755E-02,  6.63682E-02,  5.01506E-02,  3.85292E-02,  3.00924E-02,  2.38683E-02,  1.91961E-02,  1.56280E-02,  1.28584E-02,  1.06766E-02,  8.93504E-03,  7.52868E-03,  6.38159E-03,  5.43791E-03,  4.65589E-03,  4.00379E-03,  3.45713E-03,  2.99676E-03,  2.60746E-03,  2.27707E-03,  1.99570E-03,  1.75531E-03,  1.54928E-03,  1.37216E-03,  1.21944E-03,  1.08736E-03,  9.72794E-04,
 -6.02033E-04, -5.85705E-04, -5.61400E-04, -5.27186E-04, -4.80681E-04, -4.18946E-04, -3.38355E-04, -2.34439E-04, -1.01681E-04,  6.67280E-05,  2.79203E-04,  5.46163E-04,  8.80543E-04,  1.29847E-03,  1.82017E-03,  2.47121E-03,  3.28427E-03,  4.30173E-03,  5.57946E-03,  7.19276E-03,  9.24560E-03,  1.18856E-02,  1.53283E-02,  1.98974E-02,  2.60904E-02,  3.46831E-02,  4.68940E-02,  6.46319E-02,  9.08555E-02,  1.30059E-01,  1.88791E-01,  2.75708E-01,  3.99267E-01,  5.57969E-01,  7.16893E-01,  7.93747E-01,  7.30508E-01,  5.77570E-01,  4.18944E-01,  2.93262E-01,  2.03801E-01,  1.42675E-01,  1.01389E-01,  7.34295E-02,  5.42921E-02,  4.09848E-02,  3.15521E-02,  2.47250E-02,  1.96792E-02,  1.58751E-02,  1.29552E-02,  1.06781E-02,  8.87727E-03,  7.43592E-03,  6.27020E-03,  5.31892E-03,  4.53662E-03,  3.88900E-03,  3.34978E-03,  2.89852E-03,  2.51915E-03,  2.19888E-03,  1.92744E-03,  1.69652E-03,  1.49935E-03,  1.33040E-03,  1.18511E-03,  1.05973E-03,  9.51156E-04,
 -6.24433E-04, -6.14155E-04, -5.96633E-04, -5.69955E-04, -5.31730E-04, -4.78964E-04, -4.07910E-04, -3.13880E-04, -1.91002E-04, -3.19168E-05,  1.72602E-04,  4.34140E-04,  7.67273E-04,  1.19038E-03,  1.72673E-03,  2.40593E-03,  3.26590E-03,  4.35574E-03,  5.73984E-03,  7.50417E-03,  9.76613E-03,  1.26907E-02,  1.65172E-02,  2.16052E-02,  2.85126E-02,  3.81269E-02,  5.18858E-02,  7.21429E-02,  1.02778E-01,  1.50217E-01,  2.25124E-01,  3.44908E-01,  5.35964E-01,  8.26809E-01,  1.19140E+00,  1.40429E+00,  1.22164E+00,  8.60374E-01,  5.63041E-01,  3.65569E-01,  2.40864E-01,  1.62289E-01,  1.12126E-01,  7.94963E-02,  5.78116E-02,  4.30611E-02,  3.27785E-02,  2.54321E-02,  2.00594E-02,  1.60459E-02,  1.29913E-02,  1.06289E-02,  8.77627E-03,  7.30602E-03,  6.12705E-03,  5.17306E-03,  4.39495E-03,  3.75586E-03,  3.22766E-03,  2.78866E-03,  2.42192E-03,  2.11408E-03,  1.85449E-03,  1.63463E-03,  1.44762E-03,  1.28787E-03,  1.15084E-03,  1.03281E-03,  9.30719E-04,
 -6.41172E-04, -6.36828E-04, -6.26023E-04, -6.06874E-04, -5.76990E-04, -5.33328E-04, -4.72018E-04, -3.88134E-04, -2.75404E-04, -1.25841E-04,  7.07428E-05,  3.27345E-04,  6.60568E-04,  1.09164E-03,  1.64777E-03,  2.36386E-03,  3.28492E-03,  4.46926E-03,  5.99305E-03,  7.95700E-03,  1.04966E-02,  1.37987E-02,  1.81287E-02,  2.38785E-02,  3.16489E-02,  4.23953E-02,  5.76814E-02,  8.01283E-02,  1.14225E-01,  1.67844E-01,  2.55195E-01,  4.02752E-01,  6.61420E-01,  1.12789E+00,  1.91719E+00,  2.57263E+00,  1.99167E+00,  1.18215E+00,  6.94724E-01,  4.23740E-01,  2.68765E-01,  1.76719E-01,  1.20102E-01,  8.41483E-02,  6.06285E-02,  4.47960E-02,  3.38386E-02,  2.60534E-02,  2.03883E-02,  1.61788E-02,  1.29946E-02,  1.05492E-02,  8.64675E-03,  7.14998E-03,  5.96062E-03,  5.00710E-03,  4.23647E-03,  3.60908E-03,  3.09487E-03,  2.67077E-03,  2.31896E-03,  2.02548E-03,  1.77936E-03,  1.57187E-03,  1.39606E-03,  1.24633E-03,  1.11818E-03,  1.00796E-03,  9.12698E-04,
 -6.51106E-04, -6.52429E-04, -6.48104E-04, -6.36291E-04, -6.14607E-04, -5.79966E-04, -5.28374E-04, -4.54653E-04, -3.52092E-04, -2.11989E-04, -2.30437E-05,  2.29416E-04,  5.64451E-04,  1.00683E-03,  1.58874E-03,  2.35204E-03,  3.35117E-03,  4.65710E-03,  6.36267E-03,  8.59001E-03,  1.15014E-02,  1.53158E-02,  2.03356E-02,  2.69916E-02,  3.59215E-02,  4.81088E-02,  6.51323E-02,  8.96194E-02,  1.26098E-01,  1.82666E-01,  2.74400E-01,  4.30709E-01,  7.12397E-01,  1.25304E+00,  2.30689E+00,  3.40154E+00,  2.41494E+00,  1.31356E+00,  7.42512E-01,  4.45238E-01,  2.80392E-01,  1.83927E-01,  1.24948E-01,  8.75216E-02,  6.29826E-02,  4.64068E-02,  3.48980E-02,  2.67058E-02,  2.07454E-02,  1.63274E-02,  1.30011E-02,  1.04638E-02,  8.50619E-03,  6.98062E-03,  5.78075E-03,  4.82890E-03,  4.06768E-03,  3.45420E-03,  2.95617E-03,  2.54902E-03,  2.21392E-03,  1.93632E-03,  1.70488E-03,  1.51074E-03,  1.34687E-03,  1.20772E-03,  1.08884E-03,  9.86693E-04,  8.98405E-04,
 -6.53064E-04, -6.59618E-04, -6.61352E-04, -6.56475E-04, -6.42625E-04, -6.16682E-04, -5.74528E-04, -5.10727E-04, -4.18099E-04, -2.87152E-04, -1.05337E-04,  1.43948E-04,  4.82658E-04,  9.39819E-04,  1.55377E-03,  2.37513E-03,  3.47063E-03,  4.92824E-03,  6.86394E-03,  9.43080E-03,  1.28314E-02,  1.73354E-02,  2.33056E-02,  3.12381E-02,  4.18294E-02,  5.60899E-02,  7.55461E-02,  1.02606E-01,  1.41248E-01,  1.98362E-01,  2.86408E-01,  4.28626E-01,  6.68646E-01,  1.08207E+00,  1.72609E+00,  2.20265E+00,  1.77612E+00,  1.11469E+00,  6.79565E-01,  4.25972E-01,  2.76494E-01,  1.85408E-01,  1.27952E-01,  9.05462E-02,  6.54971E-02,  4.82942E-02,  3.62085E-02,  2.75454E-02,  2.12273E-02,  1.65519E-02,  1.30495E-02,  1.03983E-02,  8.37252E-03,  6.81121E-03,  5.59777E-03,  4.64690E-03,  3.89566E-03,  3.29731E-03,  2.81688E-03,  2.42806E-03,  2.11090E-03,  1.85018E-03,  1.63423E-03,  1.45401E-03,  1.30249E-03,  1.17415E-03,  1.06466E-03,  9.70598E-04,  8.89226E-04,
 -6.45867E-04, -6.57040E-04, -6.64209E-04, -6.65646E-04, -6.59019E-04, -6.41185E-04, -6.07913E-04, -5.53511E-04, -4.70312E-04, -3.47994E-04, -1.72647E-04,  7.44643E-05,  4.18573E-04,  8.93627E-04,  1.54525E-03,  2.43469E-03,  3.64401E-03,  5.28306E-03,  7.49868E-03,  1.04869E-02,  1.45088E-02,  1.99121E-02,  2.71587E-02,  3.68638E-02,  4.98491E-02,  6.72246E-02,  9.05144E-02,  1.21868E-01,  1.64431E-01,  2.23041E-01,  3.05468E-01,  4.24271E-01,  5.97723E-01,  8.41202E-01,  1.12047E+00,  1.26705E+00,  1.12393E+00,  8.32782E-01,  5.74014E-01,  3.90493E-01,  2.67951E-01,  1.86625E-01,  1.32045E-01,  9.48414E-02,  6.90783E-02,  5.09675E-02,  3.80564E-02,  2.87341E-02,  2.19267E-02,  1.69069E-02,  1.31734E-02,  1.03748E-02,  8.26147E-03,  6.65385E-03,  5.42158E-03,  4.46952E-03,  3.72779E-03,  3.14491E-03,  2.68274E-03,  2.31295E-03,  2.01434E-03,  1.77098E-03,  1.57080E-03,  1.40464E-03,  1.26547E-03,  1.14784E-03,  1.04756E-03,  9.61336E-04,  8.86591E-04,
 -6.28355E-04, -6.43347E-04, -6.55118E-04, -6.62008E-04, -6.61727E-04, -6.51125E-04, -6.25876E-04, -5.80045E-04, -5.05491E-04, -3.91048E-04, -2.21402E-04,  2.44453E-05,  3.75266E-04,  8.70443E-04,  1.56382E-03,  2.52891E-03,  3.86596E-03,  5.71151E-03,  8.25129E-03,  1.17375E-02,  1.65113E-02,  2.30326E-02,  3.19161E-02,  4.39770E-02,  6.02831E-02,  8.22129E-02,  1.11513E-01,  1.50338E-01,  2.01261E-01,  2.67232E-01,  3.51455E-01,  4.56916E-01,  5.84333E-01,  7.25105E-01,  8.46678E-01,  8.89188E-01,  8.16516E-01,  6.67576E-01,  5.07858E-01,  3.72955E-01,  2.70049E-01,  1.94845E-01,  1.40815E-01,  1.02216E-01,  7.46443E-02,  5.48927E-02,  4.06777E-02,  3.03915E-02,  2.29054E-02,  1.74260E-02,  1.33928E-02,  1.04072E-02,  8.18408E-03,  6.51811E-03,  5.26089E-03,  4.30477E-03,  3.57140E-03,  3.00364E-03,  2.55974E-03,  2.20903E-03,  1.92896E-03,  1.70281E-03,  1.51817E-03,  1.36573E-03,  1.23848E-03,  1.13109E-03,  1.03950E-03,  9.60593E-04,  8.91944E-04,
 -5.99414E-04, -6.17236E-04, -6.32554E-04, -6.43784E-04, -6.48692E-04, -6.44135E-04, -6.25718E-04, -5.87295E-04, -5.20286E-04, -4.12721E-04, -2.47905E-04, -2.57163E-06,  3.55677E-04,  8.71904E-04,  1.60872E-03,  2.65303E-03,  4.12539E-03,  6.19294E-03,  9.08737E-03,  1.31294E-02,  1.87617E-02,  2.65928E-02,  3.74518E-02,  5.24557E-02,  7.30843E-02,  1.01251E-01,  1.39338E-01,  1.90123E-01,  2.56479E-01,  3.40646E-01,  4.42883E-01,  5.59418E-01,  6.79938E-01,  7.85565E-01,  8.49894E-01,  8.48292E-01,  7.75785E-01,  6.55106E-01,  5.20376E-01,  3.96680E-01,  2.94813E-01,  2.15966E-01,  1.57072E-01,  1.13969E-01,  8.27713E-02,  6.03097E-02,  4.41627E-02,  3.25458E-02,  2.41689E-02,  1.81089E-02,  1.37081E-02,  1.04982E-02,  8.14511E-03,  6.41030E-03,  5.12283E-03,  4.16002E-03,  3.43367E-03,  2.88027E-03,  2.45402E-03,  2.12180E-03,  1.85959E-03,  1.64993E-03,  1.48001E-03,  1.34044E-03,  1.22424E-03,  1.12621E-03,  1.04246E-03,  9.70040E-04,  9.06704E-04,
 -5.58009E-04, -5.77478E-04, -5.95065E-04, -6.09267E-04, -6.17912E-04, -6.17886E-04, -6.04751E-04, -5.72197E-04, -5.11272E-04, -4.09287E-04, -2.48280E-04, -2.84959E-06,  3.62890E-04,  8.99574E-04,  1.67859E-03,  2.80053E-03,  4.40713E-03,  6.69829E-03,  9.95601E-03,  1.45784E-02,  2.11264E-02,  3.03885E-02,  4.34654E-02,  6.18795E-02,  8.77077E-02,  1.23723E-01,  1.73504E-01,  2.41383E-01,  3.32005E-01,  4.49037E-01,  5.92500E-01,  7.54480E-01,  9.14572E-01,  1.03961E+00,  1.09389E+00,  1.05863E+00,  9.44952E-01,  7.86607E-01,  6.20065E-01,  4.70043E-01,  3.47141E-01,  2.52256E-01,  1.81653E-01,  1.30283E-01,  9.33914E-02,  6.70851E-02,  4.83855E-02,  3.51007E-02,  2.56518E-02,  1.89154E-02,  1.40975E-02,  1.06382E-02,  8.14305E-03,  6.33359E-03,  5.01306E-03,  4.04203E-03,  3.32162E-03,  2.78155E-03,  2.37182E-03,  2.05684E-03,  1.81117E-03,  1.61658E-03,  1.45998E-03,  1.33188E-03,  1.22539E-03,  1.13545E-03,  1.05834E-03,  9.91285E-04,  9.32228E-04,
 -5.03211E-04, -5.22962E-04, -5.41323E-04, -5.56870E-04, -5.67500E-04, -5.70146E-04, -5.60360E-04, -5.31725E-04, -4.75000E-04, -3.76916E-04, -2.18439E-04,  2.76905E-05,  4.00461E-04,  9.55576E-04,  1.77256E-03,  2.96492E-03,  4.69485E-03,  7.19443E-03,  1.07964E-02,  1.59785E-02,  2.34274E-02,  3.41284E-02,  4.94910E-02,  7.15205E-02,  1.03047E-01,  1.48011E-01,  2.11775E-01,  3.01322E-01,  4.25001E-01,  5.91059E-01,  8.03667E-01,  1.05485E+00,  1.31289E+00,  1.51636E+00,  1.59396E+00,  1.51306E+00,  1.30818E+00,  1.05053E+00,  8.00464E-01,  5.89048E-01,  4.24094E-01,  3.01443E-01,  2.12847E-01,  1.49927E-01,  1.05659E-01,  7.46585E-02,  5.29871E-02,  3.78336E-02,  2.72211E-02,  1.97697E-02,  1.45207E-02,  1.08087E-02,  8.17186E-03,  6.28908E-03,  4.93640E-03,  3.95731E-03,  3.24222E-03,  2.71424E-03,  2.31939E-03,  2.01973E-03,  1.78855E-03,  1.60697E-03,  1.46165E-03,  1.34309E-03,  1.24448E-03,  1.16094E-03,  1.08891E-03,  1.02582E-03,  9.69761E-04,
 -4.34239E-04, -4.52733E-04, -4.70165E-04, -4.85182E-04, -4.95752E-04, -4.98866E-04, -4.90097E-04, -4.62977E-04, -4.08085E-04, -3.11737E-04, -1.54094E-04,  9.35545E-05,  4.72693E-04,  1.04319E-03,  1.89140E-03,  3.14191E-03,  4.97471E-03,  7.65048E-03,  1.15479E-02,  1.72186E-02,  2.54680E-02,  3.74731E-02,  5.49535E-02,  8.04178E-02,  1.17517E-01,  1.71538E-01,  2.50048E-01,  3.63607E-01,  5.26210E-01,  7.54522E-01,  1.06363E+00,  1.45469E+00,  1.88879E+00,  2.25626E+00,  2.39862E+00,  2.23657E+00,  1.85975E+00,  1.42635E+00,  1.04072E+00,  7.37869E-01,  5.15044E-01,  3.56776E-01,  2.46482E-01,  1.70360E-01,  1.18040E-01,  8.21146E-02,  5.74275E-02,  4.04312E-02,  2.86991E-02,  2.05746E-02,  1.49277E-02,  1.09869E-02,  8.22419E-03,  6.27761E-03,  4.89778E-03,  3.91250E-03,  3.20252E-03,  2.68512E-03,  2.30288E-03,  2.01589E-03,  1.79639E-03,  1.62505E-03,  1.48836E-03,  1.37685E-03,  1.28384E-03,  1.20461E-03,  1.13580E-03,  1.07497E-03,  1.02040E-03,
 -3.50489E-04, -3.66037E-04, -3.80651E-04, -3.93036E-04, -4.01224E-04, -4.02265E-04, -3.91779E-04, -3.63302E-04, -3.07337E-04, -2.09971E-04, -5.08659E-05,  1.99642E-04,  5.84750E-04,  1.16728E-03,  2.03855E-03,  3.33134E-03,  5.23912E-03,  8.04456E-03,  1.21623E-02,  1.82029E-02,  2.70685E-02,  4.00959E-02,  5.92695E-02,  8.75416E-02,  1.29313E-01,  1.91155E-01,  2.82847E-01,  4.18794E-01,  6.19642E-01,  9.13394E-01,  1.33341E+00,  1.90534E+00,  2.60354E+00,  3.25971E+00,  3.53286E+00,  3.22059E+00,  2.55076E+00,  1.85789E+00,  1.29711E+00,  8.87774E-01,  6.02560E-01,  4.08071E-01,  2.76704E-01,  1.88239E-01,  1.28633E-01,  8.83751E-02,  6.10999E-02,  4.25564E-02,  2.99028E-02,  2.12346E-02,  1.52723E-02,  1.11536E-02,  8.29535E-03,  6.30188E-03,  4.90327E-03,  3.91483E-03,  3.20977E-03,  2.70090E-03,  2.32822E-03,  2.05041E-03,  1.83902E-03,  1.67444E-03,  1.54310E-03,  1.43563E-03,  1.34549E-03,  1.26813E-03,  1.20034E-03,  1.13985E-03,  1.08506E-03,
 -2.51569E-04, -2.62360E-04, -2.72113E-04, -2.79570E-04, -2.82809E-04, -2.78933E-04, -2.63618E-04, -2.30446E-04, -1.69936E-04, -6.81259E-05,  9.55055E-05,  3.51047E-04,  7.42539E-04,  1.33435E-03,  2.22053E-03,  3.53850E-03,  5.48955E-03,  8.36942E-03,  1.26145E-02,  1.88718E-02,  2.81043E-02,  4.17515E-02,  6.19724E-02,  9.20188E-02,  1.36814E-01,  2.03849E-01,  3.04560E-01,  4.56361E-01,  6.85474E-01,  1.03037E+00,  1.54402E+00,  2.28650E+00,  3.27542E+00,  4.31380E+00,  4.78647E+00,  4.24980E+00,  3.19880E+00,  2.22429E+00,  1.49952E+00,  1.00022E+00,  6.65806E-01,  4.44091E-01,  2.97436E-01,  2.00267E-01,  1.35643E-01,  9.24648E-02,  6.34782E-02,  4.39301E-02,  3.06887E-02,  2.16803E-02,  1.55247E-02,  1.12999E-02,  8.38681E-03,  6.36803E-03,  4.96068E-03,  3.97223E-03,  3.27130E-03,  2.76800E-03,  2.40088E-03,  2.12787E-03,  1.92021E-03,  1.75820E-03,  1.62836E-03,  1.52145E-03,  1.43107E-03,  1.35281E-03,  1.28360E-03,  1.22130E-03,  1.16440E-03,
 -1.37329E-04, -1.41467E-04, -1.44203E-04, -1.44289E-04, -1.39820E-04, -1.27932E-04, -1.04347E-04, -6.27164E-05,  6.35528E-06,  1.16733E-04,  2.88836E-04,  5.52674E-04,  9.52275E-04,  1.55214E-03,  2.44667E-03,  3.77417E-03,  5.73751E-03,  8.63540E-03,  1.29095E-02,  1.92161E-02,  2.85348E-02,  4.23345E-02,  6.28263E-02,  9.33566E-02,  1.39019E-01,  2.07619E-01,  3.11176E-01,  4.68200E-01,  7.07027E-01,  1.07031E+00,  1.61951E+00,  2.43177E+00,  3.55315E+00,  4.79133E+00,  5.38032E+00,  4.71424E+00,  3.46645E+00,  2.36493E+00,  1.57338E+00,  1.03981E+00,  6.87469E-01,  4.56148E-01,  3.04238E-01,  2.04150E-01,  1.37884E-01,  9.37728E-02,  6.42541E-02,  4.44027E-02,  3.09902E-02,  2.18872E-02,  1.56814E-02,  1.14318E-02,  8.50809E-03,  6.48631E-03,  5.07959E-03,  4.09311E-03,  3.39418E-03,  2.89225E-03,  2.52558E-03,  2.25204E-03,  2.04293E-03,  1.87870E-03,  1.74602E-03,  1.63576E-03,  1.54170E-03,  1.45952E-03,  1.38626E-03,  1.31984E-03,  1.25882E-03,
 -7.88199E-06, -3.43138E-06,  3.06225E-06,  1.28772E-05,  2.79365E-05,  5.11081E-05,  8.66456E-05,  1.40837E-04,  2.22960E-04,  3.46676E-04,  5.32084E-04,  8.08695E-04,  1.21978E-03,  1.82867E-03,  2.72802E-03,  4.05334E-03,  6.00319E-03,  8.86936E-03,  1.30824E-02,  1.92807E-02,  2.84149E-02,  4.19065E-02,  6.18896E-02,  9.15815E-02,  1.35858E-01,  2.02144E-01,  3.01781E-01,  4.52032E-01,  6.78863E-01,  1.02026E+00,  1.52822E+00,  2.26082E+00,  3.23240E+00,  4.24625E+00,  4.70578E+00,  4.18577E+00,  3.16029E+00,  2.20291E+00,  1.48747E+00,  9.93153E-01,  6.61534E-01,  4.41469E-01,  2.95834E-01,  1.99317E-01,  1.35118E-01,  9.22184E-02,  6.34171E-02,  4.39928E-02,  3.08350E-02,  2.18837E-02,  1.57676E-02,  1.15703E-02,  8.67630E-03,  6.67023E-03,  5.27053E-03,  4.28557E-03,  3.58460E-03,  3.07835E-03,  2.70586E-03,  2.42558E-03,  2.20919E-03,  2.03742E-03,  1.89714E-03,  1.77936E-03,  1.67795E-03,  1.58867E-03,  1.50859E-03,  1.43566E-03,  1.36844E-03,
  1.36377E-04,  1.51340E-04,  1.69276E-04,  1.91534E-04,  2.20103E-04,  2.57901E-04,  3.09203E-04,  3.80266E-04,  4.80254E-04,  6.22585E-04,  8.26896E-04,  1.12191E-03,  1.54956E-03,  2.17104E-03,  3.07546E-03,  4.39265E-03,  6.31185E-03,  9.10964E-03,  1.31916E-02,  1.91549E-02,  2.78822E-02,  4.06822E-02,  5.95002E-02,  8.72347E-02,  1.28213E-01,  1.88905E-01,  2.78944E-01,  4.12513E-01,  6.09898E-01,  8.98468E-01,  1.31044E+00,  1.86955E+00,  2.54830E+00,  3.18177E+00,  3.44477E+00,  3.14661E+00,  2.50124E+00,  1.82795E+00,  1.27935E+00,  8.77152E-01,  5.96161E-01,  4.04249E-01,  2.74494E-01,  1.87053E-01,  1.28099E-01,  8.82579E-02,  6.12497E-02,  4.28784E-02,  3.03372E-02,  2.17438E-02,  1.58320E-02,  1.17479E-02,  8.91311E-03,  6.93440E-03,  5.54338E-03,  4.55628E-03,  3.84706E-03,  3.32927E-03,  2.94367E-03,  2.64972E-03,  2.41973E-03,  2.23477E-03,  2.08191E-03,  1.95228E-03,  1.83976E-03,  1.74012E-03,  1.65041E-03,  1.56854E-03,  1.49304E-03,
  2.94765E-04,  3.22099E-04,  3.53619E-04,  3.90795E-04,  4.35732E-04,  4.91453E-04,  5.62311E-04,  6.54591E-04,  7.77383E-04,  9.43870E-04,  1.17318E-03,  1.49309E-03,  1.94388E-03,  2.58389E-03,  3.49758E-03,  4.80699E-03,  6.68861E-03,  9.39798E-03,  1.33060E-02,  1.89524E-02,  2.71250E-02,  3.89752E-02,  5.61863E-02,  8.12169E-02,  1.17649E-01,  1.70671E-01,  2.47710E-01,  3.59112E-01,  5.18539E-01,  7.42131E-01,  1.04418E+00,  1.42491E+00,  1.84540E+00,  2.19938E+00,  2.33619E+00,  2.18114E+00,  1.81849E+00,  1.39877E+00,  1.02330E+00,  7.27302E-01,  5.08942E-01,  3.53532E-01,  2.45024E-01,  1.69984E-01,  1.18297E-01,  8.27301E-02,  5.82381E-02,  4.13448E-02,  2.96656E-02,  2.15680E-02,  1.59347E-02,  1.20004E-02,  9.23987E-03,  7.29134E-03,  5.90527E-03,  4.90909E-03,  4.18341E-03,  3.64568E-03,  3.23896E-03,  2.92402E-03,  2.67388E-03,  2.46999E-03,  2.29956E-03,  2.15374E-03,  2.02638E-03,  1.91318E-03,  1.81108E-03,  1.71791E-03,  1.63208E-03,
  4.66313E-04,  5.07752E-04,  5.54863E-04,  6.09278E-04,  6.73272E-04,  7.50033E-04,  8.44060E-04,  9.61731E-04,  1.11214E-03,  1.30827E-03,  1.56880E-03,  1.92051E-03,  2.40189E-03,  3.06818E-03,  3.99850E-03,  5.30612E-03,  7.15292E-03,  9.77038E-03,  1.34897E-02,  1.87855E-02,  2.63381E-02,  3.71223E-02,  5.25309E-02,  7.45426E-02,  1.05945E-01,  1.50608E-01,  2.13772E-01,  3.02218E-01,  4.23958E-01,  5.86731E-01,  7.94047E-01,  1.03737E+00,  1.28527E+00,  1.47851E+00,  1.54981E+00,  1.46945E+00,  1.27106E+00,  1.02266E+00,  7.81751E-01,  5.77880E-01,  4.18417E-01,  2.99375E-01,  2.12932E-01,  1.51164E-01,  1.07425E-01,  7.66030E-02,  5.49328E-02,  3.97056E-02,  2.89985E-02,  2.14570E-02,  1.61316E-02,  1.23582E-02,  9.67207E-03,  7.74813E-03,  6.35857E-03,  5.34380E-03,  4.59210E-03,  4.02542E-03,  3.58937E-03,  3.24614E-03,  2.96945E-03,  2.74106E-03,  2.54825E-03,  2.38212E-03,  2.23639E-03,  2.10659E-03,  1.98950E-03,  1.88278E-03,  1.78470E-03,
  6.49786E-04,  7.06886E-04,  7.71386E-04,  8.45123E-04,  9.30589E-04,  1.03120E-03,  1.15165E-03,  1.29850E-03,  1.48092E-03,  1.71180E-03,  2.00941E-03,  2.39963E-03,  2.91918E-03,  3.62018E-03,  4.57636E-03,  5.89196E-03,  7.71393E-03,  1.02492E-02,  1.37887E-02,  1.87415E-02,  2.56811E-02,  3.54090E-02,  4.90379E-02,  6.80957E-02,  9.46456E-02,  1.31404E-01,  1.81803E-01,  2.49874E-01,  3.39702E-01,  4.54052E-01,  5.91697E-01,  7.43437E-01,  8.88451E-01,  9.95502E-01,  1.03399E+00,  9.91390E-01,  8.81841E-01,  7.36452E-01,  5.85914E-01,  4.50180E-01,  3.37779E-01,  2.49593E-01,  1.82751E-01,  1.33194E-01,  9.69664E-02,  7.07198E-02,  5.18090E-02,  3.82255E-02,  2.84803E-02,  2.14870E-02,  1.64606E-02,  1.28376E-02,  1.02147E-02,  8.30370E-03,  6.89931E-03,  5.85526E-03,  5.06773E-03,  4.46330E-03,  3.99014E-03,  3.61182E-03,  3.30269E-03,  3.04473E-03,  2.82518E-03,  2.63500E-03,  2.46769E-03,  2.31854E-03,  2.18410E-03,  2.06181E-03,  1.94973E-03,
  8.43700E-04,  9.17792E-04,  1.00121E-03,  1.09604E-03,  1.20502E-03,  1.33184E-03,  1.48147E-03,  1.66070E-03,  1.87884E-03,  2.14879E-03,  2.48851E-03,  2.92309E-03,  3.48763E-03,  4.23127E-03,  5.22262E-03,  6.55726E-03,  8.36791E-03,  1.08383E-02,  1.42218E-02,  1.88667E-02,  2.52497E-02,  3.40179E-02,  4.60404E-02,  6.24643E-02,  8.47647E-02,  1.14765E-01,  1.54584E-01,  2.06412E-01,  2.71997E-01,  3.51664E-01,  4.42793E-01,  5.38098E-01,  6.24783E-01,  6.86400E-01,  7.08405E-01,  6.85108E-01,  6.22804E-01,  5.36263E-01,  4.41753E-01,  3.51708E-01,  2.73101E-01,  2.08375E-01,  1.57150E-01,  1.17698E-01,  8.78781E-02,  6.56280E-02,  4.91705E-02,  3.70660E-02,  2.81914E-02,  2.16930E-02,  1.69322E-02,  1.34366E-02,  1.08595E-02,  8.94758E-03,  7.51659E-03,  6.43312E-03,  5.60096E-03,  4.95110E-03,  4.43417E-03,  4.01498E-03,  3.66843E-03,  3.37660E-03,  3.12663E-03,  2.90923E-03,  2.71760E-03,  2.54674E-03,  2.39292E-03,  2.25331E-03,  2.12572E-03,
  1.04637E-03,  1.13851E-03,  1.24206E-03,  1.35936E-03,  1.49345E-03,  1.64831E-03,  1.82922E-03,  2.04324E-03,  2.29990E-03,  2.61216E-03,  2.99776E-03,  3.48110E-03,  4.09584E-03,  4.88835E-03,  5.92249E-03,  7.28591E-03,  9.09832E-03,  1.15225E-02,  1.47786E-02,  1.91621E-02,  2.50670E-02,  3.30122E-02,  4.36701E-02,  5.78914E-02,  7.67128E-02,  1.01329E-01,  1.32994E-01,  1.72799E-01,  2.21271E-01,  2.77751E-01,  3.39620E-01,  4.01640E-01,  4.56005E-01,  4.93721E-01,  5.07377E-01,  4.94119E-01,  4.56922E-01,  4.03222E-01,  3.41928E-01,  2.80723E-01,  2.24748E-01,  1.76589E-01,  1.36915E-01,  1.05239E-01,  8.05140E-02,  6.15288E-02,  4.71190E-02,  3.62684E-02,  2.81391E-02,  2.20645E-02,  1.75276E-02,  1.41337E-02,  1.15854E-02,  9.66025E-03,  8.19312E-03,  7.06241E-03,  6.17901E-03,  5.47802E-03,  4.91237E-03,  4.44801E-03,  4.06029E-03,  3.73133E-03,  3.44809E-03,  3.20099E-03,  2.98290E-03,  2.78848E-03,  2.61366E-03,  2.45531E-03,  2.31098E-03,
  1.25593E-03,  1.36689E-03,  1.49142E-03,  1.63216E-03,  1.79243E-03,  1.97653E-03,  2.19007E-03,  2.44040E-03,  2.73729E-03,  3.09377E-03,  3.52743E-03,  4.06205E-03,  4.72991E-03,  5.57486E-03,  6.65637E-03,  8.05483E-03,  9.87828E-03,  1.22711E-02,  1.54245E-02,  1.95897E-02,  2.50930E-02,  3.23510E-02,  4.18853E-02,  5.43274E-02,  7.04067E-02,  9.09028E-02,  1.16543E-01,  1.47815E-01,  1.84684E-01,  2.26216E-01,  2.70192E-01,  3.12908E-01,  3.49414E-01,  3.74425E-01,  3.83774E-01,  3.75832E-01,  3.52106E-01,  3.16662E-01,  2.74717E-01,  2.31203E-01,  1.89855E-01,  1.52946E-01,  1.21481E-01,  9.55578E-02,  7.47395E-02,  5.83344E-02,  4.55845E-02,  3.57718E-02,  2.82687E-02,  2.25529E-02,  1.82043E-02,  1.48923E-02,  1.23612E-02,  1.04153E-02,  8.90677E-03,  7.72468E-03,  6.78653E-03,  6.03133E-03,  5.41419E-03,  4.90214E-03,  4.47097E-03,  4.10283E-03,  3.78448E-03,  3.50603E-03,  3.26001E-03,  3.04071E-03,  2.84372E-03,  2.66560E-03,  2.50362E-03,
  1.47042E-03,  1.60063E-03,  1.74663E-03,  1.91130E-03,  2.09828E-03,  2.31217E-03,  2.55889E-03,  2.84608E-03,  3.18372E-03,  3.58491E-03,  4.06705E-03,  4.65330E-03,  5.37460E-03,  6.27236E-03,  7.40192E-03,  8.83693E-03,  1.06748E-02,  1.30436E-02,  1.61099E-02,  2.00875E-02,  2.52477E-02,  3.19273E-02,  4.05339E-02,  5.15414E-02,  6.54692E-02,  8.28321E-02,  1.04050E-01,  1.29301E-01,  1.58326E-01,  1.90200E-01,  2.23138E-01,  2.54455E-01,  2.80809E-01,  2.98798E-01,  3.05798E-01,  3.00742E-01,  2.84462E-01,  2.59412E-01,  2.28926E-01,  1.96370E-01,  1.64516E-01,  1.35257E-01,  1.09625E-01,  8.79607E-02,  7.01426E-02,  5.57862E-02,  4.43942E-02,  3.54533E-02,  2.84884E-02,  2.30872E-02,  1.89061E-02,  1.56671E-02,  1.31499E-02,  1.11827E-02,  9.63288E-03,  8.39969E-03,  7.40688E-03,  6.59731E-03,  5.92828E-03,  5.36798E-03,  4.89268E-03,  4.48461E-03,  4.13037E-03,  3.81979E-03,  3.54507E-03,  3.30017E-03,  3.08034E-03,  2.88183E-03,  2.70162E-03,
  1.68780E-03,  1.83739E-03,  2.00494E-03,  2.19359E-03,  2.40725E-03,  2.65081E-03,  2.93046E-03,  3.25408E-03,  3.63180E-03,  4.07674E-03,  4.60603E-03,  5.24210E-03,  6.01452E-03,  6.96223E-03,  8.13649E-03,  9.60451E-03,  1.14539E-02,  1.37979E-02,  1.67811E-02,  2.05859E-02,  2.54382E-02,  3.16115E-02,  3.94266E-02,  4.92432E-02,  6.14363E-02,  7.63510E-02,  9.42278E-02,  1.15092E-01,  1.38615E-01,  1.63971E-01,  1.89735E-01,  2.13892E-01,  2.34042E-01,  2.47804E-01,  2.53361E-01,  2.49939E-01,  2.38041E-01,  2.19292E-01,  1.96000E-01,  1.70600E-01,  1.45209E-01,  1.21382E-01,  1.00064E-01,  8.16745E-02,  6.62491E-02,  5.35836E-02,  4.33494E-02,  3.51754E-02,  2.86990E-02,  2.35927E-02,  1.95749E-02,  1.64121E-02,  1.39147E-02,  1.19323E-02,  1.03469E-02,  9.06725E-03,  8.02343E-03,  7.16221E-03,  6.44326E-03,  5.83607E-03,  5.31752E-03,  4.87004E-03,  4.48018E-03,  4.13757E-03,  3.83412E-03,  3.56350E-03,  3.32065E-03,  3.10153E-03,  2.90286E-03,
  1.90604E-03,  2.07481E-03,  2.26362E-03,  2.47585E-03,  2.71563E-03,  2.98811E-03,  3.29968E-03,  3.65838E-03,  4.07443E-03,  4.56083E-03,  5.13431E-03,  5.81648E-03,  6.63533E-03,  7.62723E-03,  8.83930E-03,  1.03324E-02,  1.21848E-02,  1.44959E-02,  1.73906E-02,  2.10236E-02,  2.55825E-02,  3.12892E-02,  3.83968E-02,  4.71793E-02,  5.79095E-02,  7.08202E-02,  8.60442E-02,  1.03531E-01,  1.22948E-01,  1.43585E-01,  1.64296E-01,  1.83530E-01,  1.99481E-01,  2.10391E-01,  2.14919E-01,  2.12478E-01,  2.03395E-01,  1.88825E-01,  1.70452E-01,  1.50110E-01,  1.29451E-01,  1.09745E-01,  9.18171E-02,  7.60909E-02,  6.26782E-02,  5.14824E-02,  4.22875E-02,  3.48251E-02,  2.88180E-02,  2.40068E-02,  2.01619E-02,  1.70878E-02,  1.46233E-02,  1.26376E-02,  1.10267E-02,  9.70895E-03,  8.62080E-03,  7.71318E-03,  6.94835E-03,  6.29734E-03,  5.73787E-03,  5.25271E-03,  4.82850E-03,  4.45476E-03,  4.12324E-03,  3.82734E-03,  3.56177E-03,  3.32224E-03,  3.10523E-03,
  2.12314E-03,  2.31058E-03,  2.52002E-03,  2.75501E-03,  3.01988E-03,  3.31994E-03,  3.66174E-03,  4.05339E-03,  4.50506E-03,  5.02951E-03,  5.64292E-03,  6.36587E-03,  7.22464E-03,  8.25280E-03,  9.49324E-03,  1.10005E-02,  1.28437E-02,  1.51091E-02,  1.79037E-02,  2.13573E-02,  2.56246E-02,  3.08842E-02,  3.73350E-02,  4.51852E-02,  5.46330E-02,  6.58345E-02,  7.88563E-02,  9.36131E-02,  1.09795E-01,  1.26804E-01,  1.43713E-01,  1.59301E-01,  1.72175E-01,  1.80987E-01,  1.84712E-01,  1.82891E-01,  1.75756E-01,  1.64165E-01,  1.49396E-01,  1.32866E-01,  1.15878E-01,  9.94649E-02,  8.43305E-02,  7.08663E-02,  5.92151E-02,  4.93447E-02,  4.11160E-02,  3.43362E-02,  2.87953E-02,  2.42895E-02,  2.06334E-02,  1.76660E-02,  1.52514E-02,  1.32777E-02,  1.16544E-02,  1.03094E-02,  9.18585E-03,  8.23897E-03,  7.43395E-03,  6.74362E-03,  6.14673E-03,  5.62663E-03,  5.17019E-03,  4.76698E-03,  4.40864E-03,  4.08844E-03,  3.80090E-03,  3.54153E-03,  3.30662E-03,
  2.33718E-03,  2.54254E-03,  2.77164E-03,  3.02821E-03,  3.31671E-03,  3.64254E-03,  4.01232E-03,  4.43413E-03,  4.91796E-03,  5.47620E-03,  6.12432E-03,  6.88168E-03,  7.77263E-03,  8.82783E-03,  1.00858E-02,  1.15949E-02,  1.34151E-02,  1.56206E-02,  1.83017E-02,  2.15660E-02,  2.55396E-02,  3.03651E-02,  3.61976E-02,  4.31947E-02,  5.15005E-02,  6.12198E-02,  7.23816E-02,  8.48914E-02,  9.84778E-02,  1.12643E-01,  1.26637E-01,  1.39483E-01,  1.50068E-01,  1.57320E-01,  1.60420E-01,  1.58999E-01,  1.53233E-01,  1.43799E-01,  1.31708E-01,  1.18087E-01,  1.03983E-01,  9.02354E-02,  7.74283E-02,  6.59043E-02,  5.58079E-02,  4.71413E-02,  3.98157E-02,  3.36932E-02,  2.86159E-02,  2.44255E-02,  2.09743E-02,  1.81315E-02,  1.57844E-02,  1.38388E-02,  1.22173E-02,  1.08572E-02,  9.70830E-03,  8.73048E-03,  7.89206E-03,  7.16787E-03,  6.53798E-03,  5.98647E-03,  5.50063E-03,  5.07019E-03,  4.68684E-03,  4.34377E-03,  4.03540E-03,  3.75710E-03,  3.50501E-03,
  2.54637E-03,  2.76864E-03,  3.01620E-03,  3.29286E-03,  3.60318E-03,  3.95259E-03,  4.34766E-03,  4.79636E-03,  5.30839E-03,  5.89561E-03,  6.57262E-03,  7.35743E-03,  8.27233E-03,  9.34493E-03,  1.06094E-02,  1.21079E-02,  1.38920E-02,  1.60246E-02,  1.85806E-02,  2.16486E-02,  2.53301E-02,  2.97385E-02,  3.49942E-02,  4.12178E-02,  4.85163E-02,  5.69643E-02,  6.65752E-02,  7.72658E-02,  8.88132E-02,  1.00813E-01,  1.12655E-01,  1.23532E-01,  1.32514E-01,  1.38687E-01,  1.41346E-01,  1.40170E-01,  1.35310E-01,  1.27348E-01,  1.17148E-01,  1.05656E-01,  9.37377E-02,  8.20818E-02,  7.11647E-02,  6.12679E-02,  5.25160E-02,  4.49212E-02,  3.84233E-02,  3.29209E-02,  2.82946E-02,  2.44217E-02,  2.11857E-02,  1.84814E-02,  1.62169E-02,  1.43142E-02,  1.27081E-02,  1.13449E-02,  1.01809E-02,  9.18093E-03,  8.31641E-03,  7.56444E-03,  6.90653E-03,  6.32770E-03,  5.81578E-03,  5.36083E-03,  4.95467E-03,  4.59054E-03,  4.26282E-03,  3.96679E-03,  3.69851E-03,
  2.74909E-03,  2.98706E-03,  3.25164E-03,  3.54668E-03,  3.87674E-03,  4.24723E-03,  4.66463E-03,  5.13664E-03,  5.67260E-03,  6.28371E-03,  6.98360E-03,  7.78880E-03,  8.71947E-03,  9.80018E-03,  1.10608E-02,  1.25377E-02,  1.42748E-02,  1.63244E-02,  1.87485E-02,  2.16190E-02,  2.50177E-02,  2.90347E-02,  3.37655E-02,  3.93049E-02,  4.57382E-02,  5.31269E-02,  6.14877E-02,  7.07637E-02,  8.07879E-02,  9.12414E-02,  1.01619E-01,  1.11225E-01,  1.19221E-01,  1.24756E-01,  1.27156E-01,  1.26109E-01,  1.21763E-01,  1.14681E-01,  1.05674E-01,  9.56036E-02,  8.52269E-02,  7.51197E-02,  6.56638E-02,  5.70746E-02,  4.94417E-02,  4.27681E-02,  3.70034E-02,  3.20668E-02,  2.78644E-02,  2.42997E-02,  2.12803E-02,  1.87222E-02,  1.65512E-02,  1.47032E-02,  1.31241E-02,  1.17686E-02,  1.05994E-02,  9.58580E-03,  8.70255E-03,  7.92904E-03,  7.24836E-03,  6.64660E-03,  6.11227E-03,  5.63585E-03,  5.20941E-03,  4.82631E-03,  4.48097E-03,  4.16866E-03,  3.88539E-03,
  2.94388E-03,  3.19620E-03,  3.47619E-03,  3.78770E-03,  4.13526E-03,  4.52418E-03,  4.96073E-03,  5.45235E-03,  6.00786E-03,  6.63776E-03,  7.35460E-03,  8.17342E-03,  9.11222E-03,  1.01926E-02,  1.14406E-02,  1.28870E-02,  1.45688E-02,  1.65295E-02,  1.88199E-02,  2.14986E-02,  2.46319E-02,  2.82928E-02,  3.25595E-02,  3.75118E-02,  4.32251E-02,  4.97614E-02,  5.71529E-02,  6.53788E-02,  7.43289E-02,  8.37582E-02,  9.32396E-02,  1.02138E-01,  1.09643E-01,  1.14893E-01,  1.17184E-01,  1.16185E-01,  1.12057E-01,  1.05393E-01,  9.70245E-02,  8.77979E-02,  7.84178E-02,  6.93832E-02,  6.09975E-02,  5.34117E-02,  4.66719E-02,  4.07601E-02,  3.56212E-02,  3.11824E-02,  2.73642E-02,  2.40874E-02,  2.12774E-02,  1.88665E-02,  1.67945E-02,  1.50093E-02,  1.34663E-02,  1.21277E-02,  1.09620E-02,  9.94261E-03,  9.04764E-03,  8.25870E-03,  7.56052E-03,  6.94032E-03,  6.38740E-03,  5.89274E-03,  5.44874E-03,  5.04897E-03,  4.68794E-03,  4.36098E-03,  4.06410E-03,
  3.12947E-03,  3.39467E-03,  3.68835E-03,  4.01433E-03,  4.37703E-03,  4.78161E-03,  5.23412E-03,  5.74161E-03,  6.31236E-03,  6.95611E-03,  7.68432E-03,  8.51050E-03,  9.45063E-03,  1.05236E-02,  1.17516E-02,  1.31610E-02,  1.47825E-02,  1.66523E-02,  1.88122E-02,  2.13104E-02,  2.42016E-02,  2.75471E-02,  3.14144E-02,  3.58756E-02,  4.10047E-02,  4.68716E-02,  5.35300E-02,  6.09953E-02,  6.92088E-02,  7.79843E-02,  8.69478E-02,  9.54938E-02,  1.02804E-01,  1.07974E-01,  1.10243E-01,  1.09252E-01,  1.05178E-01,  9.86636E-02,  9.05926E-02,  8.18327E-02,  7.30695E-02,  6.47539E-02,  5.71295E-02,  5.02916E-02,  4.42445E-02,  3.89439E-02,  3.43234E-02,  3.03092E-02,  2.68283E-02,  2.38119E-02,  2.11973E-02,  1.89286E-02,  1.69567E-02,  1.52388E-02,  1.37382E-02,  1.24237E-02,  1.12687E-02,  1.02505E-02,  9.35023E-03,  8.55162E-03,  7.84102E-03,  7.20682E-03,  6.63913E-03,  6.12953E-03,  5.67081E-03,  5.25678E-03,  4.88213E-03,  4.54228E-03,  4.23327E-03,
  3.30480E-03,  3.58134E-03,  3.88692E-03,  4.22528E-03,  4.60073E-03,  5.01822E-03,  5.48351E-03,  6.00324E-03,  6.58512E-03,  7.23808E-03,  7.97253E-03,  8.80053E-03,  9.73615E-03,  1.07957E-02,  1.19984E-02,  1.33663E-02,  1.49253E-02,  1.67054E-02,  1.87414E-02,  2.10738E-02,  2.37490E-02,  2.68205E-02,  3.03495E-02,  3.44049E-02,  3.90631E-02,  4.44035E-02,  5.04989E-02,  5.73943E-02,  6.50686E-02,  7.33765E-02,  8.19779E-02,  9.02837E-02,  9.74656E-02,  1.02585E-01,  1.04844E-01,  1.03861E-01,  9.98219E-02,  9.34077E-02,  8.55390E-02,  7.71027E-02,  6.87762E-02,  6.09808E-02,  5.39200E-02,  4.76494E-02,  4.21408E-02,  3.73274E-02,  3.31303E-02,  2.94719E-02,  2.62810E-02,  2.34945E-02,  2.10576E-02,  1.89224E-02,  1.70479E-02,  1.53988E-02,  1.39447E-02,  1.26596E-02,  1.15211E-02,  1.05100E-02,  9.61002E-03,  8.80697E-03,  8.08871E-03,  7.44474E-03,  6.86604E-03,  6.34477E-03,  5.87417E-03,  5.44835E-03,  5.06221E-03,  4.71131E-03,  4.39178E-03,
  3.46899E-03,  3.75528E-03,  4.07095E-03,  4.41962E-03,  4.80543E-03,  5.23313E-03,  5.70812E-03,  6.23664E-03,  6.82578E-03,  7.48373E-03,  8.21983E-03,  9.04483E-03,  9.97106E-03,  1.10127E-02,  1.21860E-02,  1.35099E-02,  1.50060E-02,  1.66997E-02,  1.86204E-02,  2.08027E-02,  2.32872E-02,  2.61222E-02,  2.93646E-02,  3.30820E-02,  3.73524E-02,  4.22614E-02,  4.78932E-02,  5.43091E-02,  6.15082E-02,  6.93672E-02,  7.75677E-02,  8.55391E-02,  9.24678E-02,  9.74260E-02,  9.96210E-02,  9.86740E-02,  9.47705E-02,  8.85845E-02,  8.10278E-02,  7.29739E-02,  6.50828E-02,  5.77552E-02,  5.11725E-02,  4.53693E-02,  4.02999E-02,  3.58848E-02,  3.20375E-02,  2.86775E-02,  2.57345E-02,  2.31490E-02,  2.08711E-02,  1.88590E-02,  1.70774E-02,  1.54966E-02,  1.40910E-02,  1.28388E-02,  1.17213E-02,  1.07223E-02,  9.82751E-03,  9.02471E-03,  8.30313E-03,  7.65338E-03,  7.06723E-03,  6.53747E-03,  6.05779E-03,  5.62265E-03,  5.22717E-03,  4.86710E-03,  4.53868E-03,
  3.62137E-03,  3.91582E-03,  4.23977E-03,  4.59669E-03,  4.99055E-03,  5.42583E-03,  5.90762E-03,  6.44169E-03,  7.03456E-03,  7.69367E-03,  8.42741E-03,  9.24529E-03,  1.01581E-02,  1.11782E-02,  1.23195E-02,  1.35980E-02,  1.50323E-02,  1.66439E-02,  1.84581E-02,  2.05050E-02,  2.28209E-02,  2.54499E-02,  2.84455E-02,  3.18727E-02,  3.58081E-02,  4.03372E-02,  4.55450E-02,  5.14944E-02,  5.81875E-02,  6.55081E-02,  7.31538E-02,  8.05857E-02,  8.70419E-02,  9.16603E-02,  9.37093E-02,  9.28405E-02,  8.92233E-02,  8.34782E-02,  7.64492E-02,  6.89517E-02,  6.16073E-02,  5.47961E-02,  4.86904E-02,  4.33213E-02,  3.86416E-02,  3.45711E-02,  3.10233E-02,  2.79191E-02,  2.51905E-02,  2.27814E-02,  2.06459E-02,  1.87465E-02,  1.70524E-02,  1.55381E-02,  1.41818E-02,  1.29652E-02,  1.18722E-02,  1.08892E-02,  1.00038E-02,  9.20535E-03,  8.48439E-03,  7.83251E-03,  7.24226E-03,  6.70704E-03,  6.22099E-03,  5.77893E-03,  5.37626E-03,  5.00890E-03,  4.67324E-03,
  3.76143E-03,  4.06247E-03,  4.39292E-03,  4.75611E-03,  5.15579E-03,  5.59618E-03,  6.08203E-03,  6.61867E-03,  7.21206E-03,  7.86893E-03,  8.59679E-03,  9.40408E-03,  1.03003E-02,  1.12960E-02,  1.24033E-02,  1.36361E-02,  1.50100E-02,  1.65438E-02,  1.82595E-02,  2.01835E-02,  2.23485E-02,  2.47944E-02,  2.75708E-02,  3.07379E-02,  3.43668E-02,  3.85359E-02,  4.33213E-02,  4.87752E-02,  5.48905E-02,  6.15494E-02,  6.84667E-02,  7.51517E-02,  8.09282E-02,  8.50455E-02,  8.68753E-02,  8.61198E-02,  8.29227E-02,  7.78141E-02,  7.15242E-02,  6.47707E-02,  5.81141E-02,  5.19078E-02,  4.63214E-02,  4.13940E-02,  3.70892E-02,  3.33369E-02,  3.00590E-02,  2.71823E-02,  2.46440E-02,  2.23923E-02,  2.03855E-02,  1.85898E-02,  1.69782E-02,  1.55283E-02,  1.42216E-02,  1.30422E-02,  1.19765E-02,  1.10127E-02,  1.01403E-02,  9.34983E-03,  8.63301E-03,  7.98234E-03,  7.39110E-03,  6.85326E-03,  6.36343E-03,  5.91677E-03,  5.50897E-03,  5.13617E-03,  4.79491E-03,
  3.88884E-03,  4.19494E-03,  4.53018E-03,  4.89772E-03,  5.30112E-03,  5.74430E-03,  6.23168E-03,  6.76816E-03,  7.35918E-03,  8.01080E-03,  8.72975E-03,  9.52349E-03,  1.04003E-02,  1.13696E-02,  1.24416E-02,  1.36284E-02,  1.49437E-02,  1.64035E-02,  1.80271E-02,  1.98380E-02,  2.18649E-02,  2.41438E-02,  2.67186E-02,  2.96428E-02,  3.29781E-02,  3.67907E-02,  4.11406E-02,  4.60626E-02,  5.15346E-02,  5.74356E-02,  6.35028E-02,  6.93075E-02,  7.42799E-02,  7.78040E-02,  7.93730E-02,  7.87491E-02,  7.60459E-02,  7.16876E-02,  6.62681E-02,  6.03855E-02,  5.45222E-02,  4.89973E-02,  4.39765E-02,  3.95114E-02,  3.55836E-02,  3.21402E-02,  2.91167E-02,  2.64505E-02,  2.40865E-02,  2.19790E-02,  2.00907E-02,  1.83919E-02,  1.68586E-02,  1.54713E-02,  1.42141E-02,  1.30732E-02,  1.20370E-02,  1.10952E-02,  1.02387E-02,  9.45940E-03,  8.74986E-03,  8.10341E-03,  7.51402E-03,  6.97621E-03,  6.48502E-03,  6.03598E-03,  5.62505E-03,  5.24860E-03,  4.90335E-03,
  4.00343E-03,  4.31310E-03,  4.65149E-03,  5.02159E-03,  5.42672E-03,  5.87054E-03,  6.35714E-03,  6.89099E-03,  7.47705E-03,  8.12077E-03,  8.82817E-03,  9.60585E-03,  1.04611E-02,  1.14021E-02,  1.24379E-02,  1.35787E-02,  1.48366E-02,  1.62254E-02,  1.77620E-02,  1.94667E-02,  2.13647E-02,  2.34870E-02,  2.58713E-02,  2.85624E-02,  3.16104E-02,  3.50660E-02,  3.89711E-02,  4.33408E-02,  4.81383E-02,  5.32429E-02,  5.84201E-02,  6.33103E-02,  6.74548E-02,  7.03725E-02,  7.16755E-02,  7.11833E-02,  6.89808E-02,  6.53900E-02,  6.08698E-02,  5.58954E-02,  5.08647E-02,  4.60554E-02,  4.16249E-02,  3.76361E-02,  3.40896E-02,  3.09517E-02,  2.81748E-02,  2.57094E-02,  2.35099E-02,  2.15378E-02,  1.97612E-02,  1.81542E-02,  1.66962E-02,  1.53702E-02,  1.41624E-02,  1.30611E-02,  1.20562E-02,  1.11388E-02,  1.03009E-02,  9.53550E-03,  8.83602E-03,  8.19652E-03,  7.61158E-03,  7.07623E-03,  6.58594E-03,  6.13659E-03,  5.72443E-03,  5.34604E-03,  4.99835E-03,
  4.10515E-03,  4.41699E-03,  4.75699E-03,  5.12794E-03,  5.53296E-03,  5.97545E-03,  6.45914E-03,  6.98815E-03,  7.56694E-03,  8.20044E-03,  8.89399E-03,  9.65346E-03,  1.04853E-02,  1.13965E-02,  1.23951E-02,  1.34900E-02,  1.46914E-02,  1.60114E-02,  1.74645E-02,  1.90680E-02,  2.08433E-02,  2.28162E-02,  2.50175E-02,  2.74826E-02,  3.02491E-02,  3.33523E-02,  3.68161E-02,  4.06386E-02,  4.47722E-02,  4.91015E-02,  5.34248E-02,  5.74506E-02,  6.08235E-02,  6.31817E-02,  6.42400E-02,  6.38664E-02,  6.21219E-02,  5.92408E-02,  5.55643E-02,  5.14553E-02,  4.72305E-02,  4.31229E-02,  3.92767E-02,  3.57612E-02,  3.25928E-02,  2.97562E-02,  2.72204E-02,  2.49493E-02,  2.29081E-02,  2.10658E-02,  1.93962E-02,  1.78778E-02,  1.64931E-02,  1.52276E-02,  1.40695E-02,  1.30088E-02,  1.20368E-02,  1.11458E-02,  1.03288E-02,  9.57976E-03,  8.89280E-03,  8.26269E-03,  7.68454E-03,  7.15388E-03,  6.66658E-03,  6.21886E-03,  5.80724E-03,  5.42854E-03,  5.07988E-03,
  4.19409E-03,  4.50677E-03,  4.84692E-03,  5.21716E-03,  5.62038E-03,  6.05972E-03,  6.53861E-03,  7.06077E-03,  7.63026E-03,  8.25149E-03,  8.92921E-03,  9.66862E-03,  1.04753E-02,  1.13556E-02,  1.23162E-02,  1.33649E-02,  1.45105E-02,  1.57633E-02,  1.71353E-02,  1.86412E-02,  2.02983E-02,  2.21273E-02,  2.41520E-02,  2.63986E-02,  2.88930E-02,  3.16565E-02,  3.46979E-02,  3.80025E-02,  4.15174E-02,  4.51371E-02,  4.86932E-02,  5.19568E-02,  5.46597E-02,  5.65377E-02,  5.73863E-02,  5.71119E-02,  5.57566E-02,  5.34863E-02,  5.05471E-02,  4.72088E-02,  4.37158E-02,  4.02580E-02,  3.69621E-02,  3.38985E-02,  3.10948E-02,  2.85502E-02,  2.62484E-02,  2.41660E-02,  2.22782E-02,  2.05618E-02,  1.89962E-02,  1.75642E-02,  1.62515E-02,  1.50462E-02,  1.39382E-02,  1.29191E-02,  1.19814E-02,  1.11185E-02,  1.03245E-02,  9.59389E-03,  8.92165E-03,  8.30308E-03,  7.73384E-03,  7.20990E-03,  6.72750E-03,  6.28318E-03,  5.87376E-03,  5.49628E-03,  5.14805E-03,
  4.27043E-03,  4.58271E-03,  4.92167E-03,  5.28976E-03,  5.68964E-03,  6.12420E-03,  6.59656E-03,  7.11011E-03,  7.66850E-03,  8.27566E-03,  8.93583E-03,  9.65357E-03,  1.04338E-02,  1.12820E-02,  1.22039E-02,  1.32062E-02,  1.42964E-02,  1.54829E-02,  1.67759E-02,  1.81869E-02,  1.97297E-02,  2.14199E-02,  2.32749E-02,  2.53126E-02,  2.75486E-02,  2.99930E-02,  3.26433E-02,  3.54766E-02,  3.84394E-02,  4.14392E-02,  4.43389E-02,  4.69627E-02,  4.91122E-02,  5.05977E-02,  5.12753E-02,  5.10793E-02,  5.00382E-02,  4.82675E-02,  4.59413E-02,  4.32560E-02,  4.03965E-02,  3.75135E-02,  3.47150E-02,  3.20677E-02,  2.96054E-02,  2.73378E-02,  2.52601E-02,  2.33597E-02,  2.16205E-02,  2.00264E-02,  1.85624E-02,  1.72153E-02,  1.59739E-02,  1.48286E-02,  1.37712E-02,  1.27945E-02,  1.18925E-02,  1.10593E-02,  1.02900E-02,  9.57975E-03,  8.92413E-03,  8.31904E-03,  7.76059E-03,  7.24517E-03,  6.76939E-03,  6.33012E-03,  5.92441E-03,  5.54957E-03,  5.20307E-03,
  4.33448E-03,  4.64521E-03,  4.98174E-03,  5.34635E-03,  5.74149E-03,  6.16979E-03,  6.63411E-03,  7.13749E-03,  7.68320E-03,  8.27476E-03,  8.91589E-03,  9.61061E-03,  1.03632E-02,  1.11783E-02,  1.20610E-02,  1.30167E-02,  1.40517E-02,  1.51730E-02,  1.63885E-02,  1.77072E-02,  1.91395E-02,  2.06965E-02,  2.23898E-02,  2.42303E-02,  2.62257E-02,  2.83773E-02,  3.06754E-02,  3.30928E-02,  3.55791E-02,  3.80552E-02,  4.04122E-02,  4.25167E-02,  4.42240E-02,  4.53990E-02,  4.59412E-02,  4.58049E-02,  4.50090E-02,  4.36330E-02,  4.17989E-02,  3.96481E-02,  3.73182E-02,  3.49269E-02,  3.25635E-02,  3.02886E-02,  2.81378E-02,  2.61275E-02,  2.42610E-02,  2.25340E-02,  2.09378E-02,  1.94624E-02,  1.80976E-02,  1.68341E-02,  1.56633E-02,  1.45779E-02,  1.35714E-02,  1.26381E-02,  1.17728E-02,  1.09707E-02,  1.02276E-02,  9.53925E-03,  8.90193E-03,  8.31198E-03,  7.76598E-03,  7.26070E-03,  6.79310E-03,  6.36034E-03,  5.95975E-03,  5.58883E-03,  5.24527E-03,
  4.38660E-03,  4.69471E-03,  5.02770E-03,  5.38764E-03,  5.77678E-03,  6.19753E-03,  6.65245E-03,  7.14430E-03,  7.67598E-03,  8.25060E-03,  8.87145E-03,  9.54200E-03,  1.02660E-02,  1.10473E-02,  1.18902E-02,  1.27993E-02,  1.37795E-02,  1.48365E-02,  1.59762E-02,  1.72055E-02,  1.85313E-02,  1.99612E-02,  2.15021E-02,  2.31592E-02,  2.49342E-02,  2.68226E-02,  2.88101E-02,  3.08689E-02,  3.29531E-02,  3.49971E-02,  3.69153E-02,  3.86075E-02,  3.99685E-02,  4.09026E-02,  4.13395E-02,  4.12472E-02,  4.06384E-02,  3.95675E-02,  3.81197E-02,  3.63963E-02,  3.44989E-02,  3.25182E-02,  3.05267E-02,  2.85775E-02,  2.67050E-02,  2.49291E-02,  2.32585E-02,  2.16947E-02,  2.02349E-02,  1.88739E-02,  1.76057E-02,  1.64240E-02,  1.53231E-02,  1.42974E-02,  1.33422E-02,  1.24528E-02,  1.16250E-02,  1.08551E-02,  1.01394E-02,  9.47441E-03,  8.85680E-03,  8.28344E-03,  7.75133E-03,  7.25761E-03,  6.79957E-03,  6.37464E-03,  5.98040E-03,  5.61459E-03,  5.27507E-03,
  4.42722E-03,  4.73176E-03,  5.06018E-03,  5.41439E-03,  5.79642E-03,  6.20846E-03,  6.65283E-03,  7.13198E-03,  7.64848E-03,  8.20506E-03,  8.80459E-03,  9.45008E-03,  1.01447E-02,  1.08917E-02,  1.16946E-02,  1.25571E-02,  1.34831E-02,  1.44769E-02,  1.55429E-02,  1.66857E-02,  1.79098E-02,  1.92196E-02,  2.06182E-02,  2.21067E-02,  2.36826E-02,  2.53378E-02,  2.70560E-02,  2.88101E-02,  3.05603E-02,  3.22528E-02,  3.38210E-02,  3.51897E-02,  3.62824E-02,  3.70312E-02,  3.73866E-02,  3.73263E-02,  3.68585E-02,  3.60205E-02,  3.48722E-02,  3.34858E-02,  3.19364E-02,  3.02932E-02,  2.86145E-02,  2.69453E-02,  2.53176E-02,  2.37521E-02,  2.22607E-02,  2.08488E-02,  1.95178E-02,  1.82662E-02,  1.70913E-02,  1.59895E-02,  1.49572E-02,  1.39908E-02,  1.30867E-02,  1.22416E-02,  1.14521E-02,  1.07152E-02,  1.00279E-02,  9.38728E-03,  8.79056E-03,  8.23501E-03,  7.71802E-03,  7.23709E-03,  6.78980E-03,  6.37386E-03,  5.98710E-03,  5.62745E-03,  5.29298E-03,
  4.45684E-03,  4.75695E-03,  5.07990E-03,  5.42742E-03,  5.80138E-03,  6.20373E-03,  6.63654E-03,  7.10199E-03,  7.60236E-03,  8.14001E-03,  8.71742E-03,  9.33714E-03,  1.00018E-02,  1.07142E-02,  1.14771E-02,  1.22934E-02,  1.31660E-02,  1.40981E-02,  1.50926E-02,  1.61524E-02,  1.72799E-02,  1.84770E-02,  1.97441E-02,  2.10792E-02,  2.24773E-02,  2.39281E-02,  2.54150E-02,  2.69131E-02,  2.83883E-02,  2.97970E-02,  3.10875E-02,  3.22035E-02,  3.30891E-02,  3.36956E-02,  3.39880E-02,  3.39505E-02,  3.35883E-02,  3.29274E-02,  3.20097E-02,  3.08874E-02,  2.96157E-02,  2.82475E-02,  2.68292E-02,  2.53983E-02,  2.39834E-02,  2.26046E-02,  2.12753E-02,  2.00034E-02,  1.87927E-02,  1.76448E-02,  1.65593E-02,  1.55350E-02,  1.45699E-02,  1.36619E-02,  1.28086E-02,  1.20077E-02,  1.12568E-02,  1.05535E-02,  9.89534E-03,  9.27998E-03,  8.70508E-03,  8.16834E-03,  7.66750E-03,  7.20039E-03,  6.76488E-03,  6.35894E-03,  5.98062E-03,  5.62808E-03,  5.29954E-03,
  4.47601E-03,  4.77092E-03,  5.08759E-03,  5.42762E-03,  5.79265E-03,  6.18447E-03,  6.60489E-03,  7.05584E-03,  7.53930E-03,  8.05732E-03,  8.61201E-03,  9.20551E-03,  9.84000E-03,  1.05177E-02,  1.12408E-02,  1.20115E-02,  1.28319E-02,  1.37040E-02,  1.46296E-02,  1.56103E-02,  1.66467E-02,  1.77390E-02,  1.88853E-02,  2.00821E-02,  2.13225E-02,  2.25955E-02,  2.38851E-02,  2.51691E-02,  2.64187E-02,  2.75987E-02,  2.86691E-02,  2.95875E-02,  3.03128E-02,  3.08096E-02,  3.10531E-02,  3.10315E-02,  3.07486E-02,  3.02222E-02,  2.94823E-02,  2.85666E-02,  2.75160E-02,  2.63710E-02,  2.51682E-02,  2.39387E-02,  2.27074E-02,  2.14930E-02,  2.03092E-02,  1.91649E-02,  1.80659E-02,  1.70155E-02,  1.60152E-02,  1.50652E-02,  1.41653E-02,  1.33145E-02,  1.25114E-02,  1.17545E-02,  1.10422E-02,  1.03727E-02,  9.74413E-03,  9.15463E-03,  8.60226E-03,  8.08510E-03,  7.60123E-03,  7.14879E-03,  6.72592E-03,  6.33084E-03,  5.96182E-03,  5.61719E-03,  5.29537E-03,
  4.48529E-03,  4.77433E-03,  5.08404E-03,  5.41585E-03,  5.77127E-03,  6.15184E-03,  6.55919E-03,  6.99500E-03,  7.46097E-03,  7.95886E-03,  8.49044E-03,  9.05747E-03,  9.66172E-03,  1.03049E-02,  1.09887E-02,  1.17147E-02,  1.24842E-02,  1.32984E-02,  1.41582E-02,  1.50639E-02,  1.60151E-02,  1.70103E-02,  1.80467E-02,  1.91193E-02,  2.02206E-02,  2.13396E-02,  2.24613E-02,  2.35665E-02,  2.46309E-02,  2.56265E-02,  2.65219E-02,  2.72851E-02,  2.78854E-02,  2.82972E-02,  2.85021E-02,  2.84917E-02,  2.82683E-02,  2.78447E-02,  2.72423E-02,  2.64887E-02,  2.56144E-02,  2.46504E-02,  2.36257E-02,  2.25660E-02,  2.14924E-02,  2.04221E-02,  1.93679E-02,  1.83393E-02,  1.73431E-02,  1.63837E-02,  1.54637E-02,  1.45849E-02,  1.37478E-02,  1.29525E-02,  1.21985E-02,  1.14850E-02,  1.08111E-02,  1.01754E-02,  9.57663E-03,  9.01334E-03,  8.48397E-03,  7.98696E-03,  7.52071E-03,  7.08361E-03,  6.67409E-03,  6.29058E-03,  5.93155E-03,  5.59555E-03,  5.28113E-03,
  4.48530E-03,  4.76788E-03,  5.07004E-03,  5.39305E-03,  5.73825E-03,  6.10702E-03,  6.50077E-03,  6.92095E-03,  7.36903E-03,  7.84647E-03,  8.35474E-03,  8.89527E-03,  9.46944E-03,  1.00786E-02,  1.07238E-02,  1.14062E-02,  1.21265E-02,  1.28852E-02,  1.36823E-02,  1.45174E-02,  1.53892E-02,  1.62952E-02,  1.72319E-02,  1.81935E-02,  1.91724E-02,  2.01582E-02,  2.11373E-02,  2.20930E-02,  2.30051E-02,  2.38511E-02,  2.46066E-02,  2.52469E-02,  2.57490E-02,  2.60940E-02,  2.62682E-02,  2.62655E-02,  2.60874E-02,  2.57428E-02,  2.52475E-02,  2.46217E-02,  2.38885E-02,  2.30718E-02,  2.21946E-02,  2.12778E-02,  2.03395E-02,  1.93948E-02,  1.84557E-02,  1.75316E-02,  1.66294E-02,  1.57543E-02,  1.49098E-02,  1.40984E-02,  1.33214E-02,  1.25797E-02,  1.18734E-02,  1.12024E-02,  1.05663E-02,  9.96414E-03,  9.39514E-03,  8.85818E-03,  8.35209E-03,  7.87560E-03,  7.42741E-03,  7.00617E-03,  6.61054E-03,  6.23917E-03,  5.89073E-03,  5.56393E-03,  5.25750E-03,
  4.47665E-03,  4.75228E-03,  5.04638E-03,  5.36011E-03,  5.69463E-03,  6.05116E-03,  6.43092E-03,  6.83514E-03,  7.26507E-03,  7.72192E-03,  8.20687E-03,  8.72106E-03,  9.26553E-03,  9.84119E-03,  1.04488E-02,  1.10890E-02,  1.17620E-02,  1.24677E-02,  1.32057E-02,  1.39747E-02,  1.47729E-02,  1.55973E-02,  1.64437E-02,  1.73065E-02,  1.81780E-02,  1.90486E-02,  1.99062E-02,  2.07365E-02,  2.15228E-02,  2.22468E-02,  2.28894E-02,  2.34315E-02,  2.38557E-02,  2.41477E-02,  2.42973E-02,  2.42997E-02,  2.41561E-02,  2.38729E-02,  2.34616E-02,  2.29374E-02,  2.23179E-02,  2.16216E-02,  2.08669E-02,  2.00707E-02,  1.92484E-02,  1.84132E-02,  1.75760E-02,  1.67456E-02,  1.59291E-02,  1.51318E-02,  1.43577E-02,  1.36097E-02,  1.28899E-02,  1.21995E-02,  1.15394E-02,  1.09097E-02,  1.03105E-02,  9.74141E-03,  9.20188E-03,  8.69118E-03,  8.20842E-03,  7.75264E-03,  7.32279E-03,  6.91776E-03,  6.53642E-03,  6.17764E-03,  5.84025E-03,  5.52313E-03,  5.22517E-03,
  4.45996E-03,  4.72823E-03,  5.01389E-03,  5.31794E-03,  5.64143E-03,  5.98540E-03,  6.35090E-03,  6.73898E-03,  7.15065E-03,  7.58692E-03,  8.04872E-03,  8.53691E-03,  9.05222E-03,  9.59527E-03,  1.01665E-02,  1.07660E-02,  1.13938E-02,  1.20493E-02,  1.27316E-02,  1.34390E-02,  1.41693E-02,  1.49192E-02,  1.56844E-02,  1.64591E-02,  1.72364E-02,  1.80072E-02,  1.87611E-02,  1.94857E-02,  2.01674E-02,  2.07912E-02,  2.13420E-02,  2.18049E-02,  2.21666E-02,  2.24160E-02,  2.25454E-02,  2.25514E-02,  2.24344E-02,  2.21993E-02,  2.18546E-02,  2.14119E-02,  2.08846E-02,  2.02874E-02,  1.96347E-02,  1.89405E-02,  1.82179E-02,  1.74781E-02,  1.67309E-02,  1.59846E-02,  1.52458E-02,  1.45199E-02,  1.38111E-02,  1.31225E-02,  1.24567E-02,  1.18153E-02,  1.11993E-02,  1.06096E-02,  1.00463E-02,  9.50952E-03,  8.99899E-03,  8.51426E-03,  8.05472E-03,  7.61967E-03,  7.20827E-03,  6.81966E-03,  6.45289E-03,  6.10700E-03,  5.78102E-03,  5.47396E-03,  5.18486E-03,
  4.43588E-03,  4.69646E-03,  4.97335E-03,  5.26745E-03,  5.57965E-03,  5.91085E-03,  6.26195E-03,  6.63381E-03,  7.02727E-03,  7.44312E-03,  7.88208E-03,  8.34475E-03,  8.83163E-03,  9.34306E-03,  9.87916E-03,  1.04398E-02,  1.10246E-02,  1.16327E-02,  1.22628E-02,  1.29131E-02,  1.35810E-02,  1.42631E-02,  1.49551E-02,  1.56517E-02,  1.63461E-02,  1.70304E-02,  1.76954E-02,  1.83307E-02,  1.89248E-02,  1.94657E-02,  1.99411E-02,  2.03394E-02,  2.06502E-02,  2.08650E-02,  2.09779E-02,  2.09861E-02,  2.08899E-02,  2.06929E-02,  2.04016E-02,  2.00248E-02,  1.95730E-02,  1.90577E-02,  1.84905E-02,  1.78831E-02,  1.72461E-02,  1.65895E-02,  1.59219E-02,  1.52507E-02,  1.45822E-02,  1.39216E-02,  1.32731E-02,  1.26400E-02,  1.20249E-02,  1.14298E-02,  1.08560E-02,  1.03046E-02,  9.77605E-03,  9.27067E-03,  8.78846E-03,  8.32925E-03,  7.89266E-03,  7.47819E-03,  7.08523E-03,  6.71310E-03,  6.36104E-03,  6.02825E-03,  5.71392E-03,  5.41720E-03,  5.13726E-03,
  4.40503E-03,  4.65765E-03,  4.92555E-03,  5.20948E-03,  5.51024E-03,  5.82857E-03,  6.16523E-03,  6.52093E-03,  6.89634E-03,  7.29205E-03,  7.70860E-03,  8.14639E-03,  8.60569E-03,  9.08662E-03,  9.58907E-03,  1.01127E-02,  1.06568E-02,  1.12203E-02,  1.18018E-02,  1.23992E-02,  1.30099E-02,  1.36305E-02,  1.42568E-02,  1.48838E-02,  1.55053E-02,  1.61144E-02,  1.67030E-02,  1.72623E-02,  1.77826E-02,  1.82542E-02,  1.86673E-02,  1.90124E-02,  1.92815E-02,  1.94679E-02,  1.95669E-02,  1.95764E-02,  1.94966E-02,  1.93302E-02,  1.90820E-02,  1.87591E-02,  1.83695E-02,  1.79225E-02,  1.74274E-02,  1.68939E-02,  1.63309E-02,  1.57469E-02,  1.51495E-02,  1.45454E-02,  1.39404E-02,  1.33393E-02,  1.27463E-02,  1.21647E-02,  1.15971E-02,  1.10457E-02,  1.05120E-02,  9.99710E-03,  9.50189E-03,  9.02684E-03,  8.57216E-03,  8.13786E-03,  7.72380E-03,  7.32964E-03,  6.95497E-03,  6.59927E-03,  6.26195E-03,  5.94237E-03,  5.63983E-03,  5.35364E-03,  5.08308E-03,
  4.36803E-03,  4.61251E-03,  4.87124E-03,  5.14490E-03,  5.43414E-03,  5.73959E-03,  6.06187E-03,  6.40156E-03,  6.75917E-03,  7.13514E-03,  7.52984E-03,  7.94348E-03,  8.37617E-03,  8.82783E-03,  9.29816E-03,  9.78662E-03,  1.02924E-02,  1.08142E-02,  1.13505E-02,  1.18992E-02,  1.24576E-02,  1.30224E-02,  1.35897E-02,  1.41548E-02,  1.47122E-02,  1.52557E-02,  1.57783E-02,  1.62725E-02,  1.67304E-02,  1.71437E-02,  1.75046E-02,  1.78055E-02,  1.80400E-02,  1.82027E-02,  1.82902E-02,  1.83004E-02,  1.82336E-02,  1.80919E-02,  1.78791E-02,  1.76005E-02,  1.72627E-02,  1.68729E-02,  1.64390E-02,  1.59687E-02,  1.54698E-02,  1.49493E-02,  1.44140E-02,  1.38698E-02,  1.33220E-02,  1.27751E-02,  1.22330E-02,  1.16990E-02,  1.11756E-02,  1.06651E-02,  1.01692E-02,  9.68910E-03,  9.22577E-03,  8.77986E-03,  8.35177E-03,  7.94168E-03,  7.54960E-03,  7.17537E-03,  6.81872E-03,  6.47930E-03,  6.15665E-03,  5.85027E-03,  5.55959E-03,  5.28404E-03,  5.02299E-03,
  4.32547E-03,  4.56168E-03,  4.81117E-03,  5.07450E-03,  5.35222E-03,  5.64486E-03,  5.95292E-03,  6.27684E-03,  6.61701E-03,  6.97373E-03,  7.34721E-03,  7.73754E-03,  8.14466E-03,  8.56835E-03,  9.00816E-03,  9.46343E-03,  9.93317E-03,  1.04161E-02,  1.09105E-02,  1.14144E-02,  1.19250E-02,  1.24394E-02,  1.29537E-02,  1.34637E-02,  1.39645E-02,  1.44507E-02,  1.49161E-02,  1.53544E-02,  1.57589E-02,  1.61229E-02,  1.64398E-02,  1.67036E-02,  1.69091E-02,  1.70521E-02,  1.71296E-02,  1.71402E-02,  1.70840E-02,  1.69625E-02,  1.67788E-02,  1.65370E-02,  1.62426E-02,  1.59012E-02,  1.55194E-02,  1.51035E-02,  1.46601E-02,  1.41953E-02,  1.37149E-02,  1.32241E-02,  1.27278E-02,  1.22301E-02,  1.17346E-02,  1.12444E-02,  1.07622E-02,  1.02900E-02,  9.82964E-03,  9.38242E-03,  8.94941E-03,  8.53138E-03,  8.12886E-03,  7.74215E-03,  7.37141E-03,  7.01662E-03,  6.67764E-03,  6.35425E-03,  6.04611E-03,  5.75284E-03,  5.47401E-03,  5.20912E-03,  4.95767E-03,
  4.27794E-03,  4.50582E-03,  4.74603E-03,  4.99905E-03,  5.26533E-03,  5.54530E-03,  5.83936E-03,  6.14782E-03,  6.47098E-03,  6.80901E-03,  7.16200E-03,  7.52991E-03,  7.91258E-03,  8.30964E-03,  8.72056E-03,  9.14457E-03,  9.58061E-03,  1.00273E-02,  1.04831E-02,  1.09458E-02,  1.14129E-02,  1.18816E-02,  1.23483E-02,  1.28093E-02,  1.32601E-02,  1.36959E-02,  1.41116E-02,  1.45016E-02,  1.48604E-02,  1.51822E-02,  1.54619E-02,  1.56943E-02,  1.58754E-02,  1.60016E-02,  1.60706E-02,  1.60813E-02,  1.60336E-02,  1.59288E-02,  1.57693E-02,  1.55585E-02,  1.53006E-02,  1.50004E-02,  1.46631E-02,  1.42943E-02,  1.38992E-02,  1.34833E-02,  1.30515E-02,  1.26084E-02,  1.21584E-02,  1.17053E-02,  1.12524E-02,  1.08026E-02,  1.03584E-02,  9.92187E-03,  9.49481E-03,  9.07859E-03,  8.67431E-03,  8.28284E-03,  7.90479E-03,  7.54058E-03,  7.19046E-03,  6.85454E-03,  6.53279E-03,  6.22509E-03,  5.93123E-03,  5.65093E-03,  5.38384E-03,  5.12959E-03,  4.88775E-03,
  4.22599E-03,  4.44553E-03,  4.67650E-03,  4.91928E-03,  5.17425E-03,  5.44176E-03,  5.72209E-03,  6.01549E-03,  6.32213E-03,  6.64209E-03,  6.97536E-03,  7.32180E-03,  7.68115E-03,  8.05297E-03,  8.43663E-03,  8.83129E-03,  9.23588E-03,  9.64903E-03,  1.00691E-02,  1.04940E-02,  1.09216E-02,  1.13489E-02,  1.17730E-02,  1.21902E-02,  1.25967E-02,  1.29883E-02,  1.33605E-02,  1.37086E-02,  1.40279E-02,  1.43137E-02,  1.45614E-02,  1.47672E-02,  1.49274E-02,  1.50393E-02,  1.51011E-02,  1.51116E-02,  1.50709E-02,  1.49800E-02,  1.48408E-02,  1.46561E-02,  1.44293E-02,  1.41643E-02,  1.38654E-02,  1.35373E-02,  1.31845E-02,  1.28115E-02,  1.24228E-02,  1.20223E-02,  1.16140E-02,  1.12013E-02,  1.07871E-02,  1.03744E-02,  9.96530E-03,  9.56196E-03,  9.16603E-03,  8.77892E-03,  8.40178E-03,  8.03551E-03,  7.68079E-03,  7.33813E-03,  7.00786E-03,  6.69017E-03,  6.38515E-03,  6.09276E-03,  5.81288E-03,  5.54532E-03,  5.28983E-03,  5.04611E-03,  4.81383E-03,
  4.17016E-03,  4.38140E-03,  4.60319E-03,  4.83586E-03,  5.07971E-03,  5.33501E-03,  5.60196E-03,  5.88072E-03,  6.17139E-03,  6.47395E-03,  6.78832E-03,  7.11427E-03,  7.45147E-03,  7.79941E-03,  8.15742E-03,  8.52462E-03,  8.89991E-03,  9.28196E-03,  9.66914E-03,  1.00596E-02,  1.04511E-02,  1.08410E-02,  1.12267E-02,  1.16049E-02,  1.19721E-02,  1.23248E-02,  1.26589E-02,  1.29705E-02,  1.32556E-02,  1.35102E-02,  1.37305E-02,  1.39134E-02,  1.40558E-02,  1.41554E-02,  1.42108E-02,  1.42211E-02,  1.41862E-02,  1.41070E-02,  1.39850E-02,  1.38224E-02,  1.36221E-02,  1.33873E-02,  1.31217E-02,  1.28290E-02,  1.25132E-02,  1.21781E-02,  1.18276E-02,  1.14652E-02,  1.10944E-02,  1.07182E-02,  1.03394E-02,  9.96059E-03,  9.58390E-03,  9.21127E-03,  8.84435E-03,  8.48452E-03,  8.13292E-03,  7.79049E-03,  7.45794E-03,  7.13584E-03,  6.82460E-03,  6.52447E-03,  6.23561E-03,  5.95808E-03,  5.69182E-03,  5.43673E-03,  5.19263E-03,  4.95931E-03,  4.73651E-03,
