 -1.09942E-02, -1.14681E-02, -1.19645E-02, -1.24840E-02, -1.30274E-02, -1.35953E-02, -1.41879E-02, -1.48058E-02, -1.54488E-02, -1.61171E-02, -1.68101E-02, -1.75272E-02, -1.82673E-02, -1.90290E-02, -1.98103E-02, -2.06088E-02, -2.14216E-02, -2.22450E-02, -2.30750E-02, -2.39066E-02, -2.47346E-02, -2.55530E-02, -2.63554E-02, -2.71347E-02, -2.78840E-02, -2.85956E-02, -2.92624E-02, -2.98769E-02, -3.04322E-02, -3.09219E-02, -3.13400E-02, -3.16815E-02, -3.19422E-02, -3.21188E-02, -3.22091E-02, -3.22121E-02, -3.21278E-02, -3.19572E-02, -3.17025E-02, -3.13669E-02, -3.09545E-02, -3.04705E-02, -2.99205E-02, -2.93111E-02, -2.86489E-02, -2.79413E-02, -2.71955E-02, -2.64189E-02, -2.56186E-02, -2.48013E-02, -2.39736E-02, -2.31414E-02, -2.23101E-02, -2.14844E-02, -2.06686E-02, -1.98663E-02, -1.90805E-02, -1.83138E-02, -1.75682E-02, -1.68450E-02, -1.61456E-02, -1.54707E-02, -1.48207E-02, -1.41957E-02, -1.35959E-02, -1.30208E-02, -1.24702E-02, -1.19434E-02, -1.14400E-02,
 -1.11479E-02, -1.16419E-02, -1.21605E-02, -1.27046E-02, -1.32750E-02, -1.38726E-02, -1.44981E-02, -1.51518E-02, -1.58342E-02, -1.65454E-02, -1.72851E-02, -1.80530E-02, -1.88479E-02, -1.96687E-02, -2.05133E-02, -2.13794E-02, -2.22638E-02, -2.31627E-02, -2.40716E-02, -2.49853E-02, -2.58978E-02, -2.68023E-02, -2.76916E-02, -2.85576E-02, -2.93921E-02, -3.01865E-02, -3.09322E-02, -3.16206E-02, -3.22435E-02, -3.27934E-02, -3.32634E-02, -3.36475E-02, -3.39408E-02, -3.41395E-02, -3.42412E-02, -3.42445E-02, -3.41494E-02, -3.39572E-02, -3.36706E-02, -3.32931E-02, -3.28296E-02, -3.22862E-02, -3.16694E-02, -3.09869E-02, -3.02466E-02, -2.94571E-02, -2.86267E-02, -2.77640E-02, -2.68772E-02, -2.59742E-02, -2.50622E-02, -2.41480E-02, -2.32376E-02, -2.23363E-02, -2.14486E-02, -2.05784E-02, -1.97289E-02, -1.89025E-02, -1.81014E-02, -1.73270E-02, -1.65802E-02, -1.58616E-02, -1.51716E-02, -1.45100E-02, -1.38767E-02, -1.32712E-02, -1.26929E-02, -1.21410E-02, -1.16148E-02,
 -1.12931E-02, -1.18074E-02, -1.23486E-02, -1.29178E-02, -1.35160E-02, -1.41444E-02, -1.48038E-02, -1.54950E-02, -1.62187E-02, -1.69751E-02, -1.77644E-02, -1.85863E-02, -1.94401E-02, -2.03246E-02, -2.12379E-02, -2.21777E-02, -2.31407E-02, -2.41230E-02, -2.51196E-02, -2.61248E-02, -2.71320E-02, -2.81335E-02, -2.91211E-02, -3.00855E-02, -3.10172E-02, -3.19061E-02, -3.27422E-02, -3.35153E-02, -3.42159E-02, -3.48350E-02, -3.53646E-02, -3.57976E-02, -3.61284E-02, -3.63525E-02, -3.64671E-02, -3.64706E-02, -3.63632E-02, -3.61462E-02, -3.58228E-02, -3.53971E-02, -3.48749E-02, -3.42632E-02, -3.35697E-02, -3.28034E-02, -3.19738E-02, -3.10906E-02, -3.01638E-02, -2.92034E-02, -2.82189E-02, -2.72193E-02, -2.62129E-02, -2.52072E-02, -2.42091E-02, -2.32242E-02, -2.22576E-02, -2.13132E-02, -2.03944E-02, -1.95037E-02, -1.86431E-02, -1.78138E-02, -1.70167E-02, -1.62521E-02, -1.55201E-02, -1.48203E-02, -1.41523E-02, -1.35153E-02, -1.29085E-02, -1.23309E-02, -1.17814E-02,
 -1.14285E-02, -1.19633E-02, -1.25273E-02, -1.31219E-02, -1.37486E-02, -1.44085E-02, -1.51030E-02, -1.58331E-02, -1.65999E-02, -1.74039E-02, -1.82456E-02, -1.91250E-02, -2.00418E-02, -2.09949E-02, -2.19827E-02, -2.30028E-02, -2.40521E-02, -2.51263E-02, -2.62203E-02, -2.73278E-02, -2.84413E-02, -2.95523E-02, -3.06513E-02, -3.17278E-02, -3.27705E-02, -3.37677E-02, -3.47075E-02, -3.55781E-02, -3.63680E-02, -3.70668E-02, -3.76649E-02, -3.81542E-02, -3.85279E-02, -3.87812E-02, -3.89105E-02, -3.89143E-02, -3.87925E-02, -3.85470E-02, -3.81812E-02, -3.77001E-02, -3.71103E-02, -3.64200E-02, -3.56383E-02, -3.47757E-02, -3.38435E-02, -3.28531E-02, -3.18163E-02, -3.07447E-02, -2.96494E-02, -2.85408E-02, -2.74284E-02, -2.63206E-02, -2.52251E-02, -2.41480E-02, -2.30946E-02, -2.20693E-02, -2.10755E-02, -2.01154E-02, -1.91910E-02, -1.83034E-02, -1.74530E-02, -1.66399E-02, -1.58639E-02, -1.51244E-02, -1.44204E-02, -1.37511E-02, -1.31151E-02, -1.25113E-02, -1.19383E-02,
 -1.15527E-02, -1.21079E-02, -1.26948E-02, -1.33151E-02, -1.39705E-02, -1.46627E-02, -1.53932E-02, -1.61636E-02, -1.69752E-02, -1.78290E-02, -1.87259E-02, -1.96664E-02, -2.06503E-02, -2.16772E-02, -2.27455E-02, -2.38532E-02, -2.49971E-02, -2.61728E-02, -2.73749E-02, -2.85966E-02, -2.98296E-02, -3.10644E-02, -3.22901E-02, -3.34944E-02, -3.46643E-02, -3.57859E-02, -3.68452E-02, -3.78281E-02, -3.87211E-02, -3.95116E-02, -4.01887E-02, -4.07425E-02, -4.11656E-02, -4.14521E-02, -4.15982E-02, -4.16022E-02, -4.14640E-02, -4.11857E-02, -4.07711E-02, -4.02262E-02, -3.95586E-02, -3.87776E-02, -3.78942E-02, -3.69208E-02, -3.58705E-02, -3.47570E-02, -3.35943E-02, -3.23959E-02, -3.11748E-02, -2.99430E-02, -2.87114E-02, -2.74895E-02, -2.62857E-02, -2.51068E-02, -2.39584E-02, -2.28449E-02, -2.17697E-02, -2.07351E-02, -1.97426E-02, -1.87929E-02, -1.78863E-02, -1.70224E-02, -1.62006E-02, -1.54199E-02, -1.46790E-02, -1.39765E-02, -1.33108E-02, -1.26805E-02, -1.20839E-02,
 -1.16640E-02, -1.22393E-02, -1.28491E-02, -1.34951E-02, -1.41796E-02, -1.49045E-02, -1.56719E-02, -1.64836E-02, -1.73415E-02, -1.82472E-02, -1.92020E-02, -2.02070E-02, -2.12624E-02, -2.23683E-02, -2.35236E-02, -2.47264E-02, -2.59738E-02, -2.72615E-02, -2.85837E-02, -2.99332E-02, -3.13008E-02, -3.26757E-02, -3.40456E-02, -3.53962E-02, -3.67122E-02, -3.79772E-02, -3.91745E-02, -4.02871E-02, -4.12991E-02, -4.21956E-02, -4.29634E-02, -4.35915E-02, -4.40709E-02, -4.43953E-02, -4.45605E-02, -4.45644E-02, -4.44073E-02, -4.40913E-02, -4.36209E-02, -4.30027E-02, -4.22454E-02, -4.13599E-02, -4.03592E-02, -3.92577E-02, -3.80712E-02, -3.68160E-02, -3.55087E-02, -3.41654E-02, -3.28011E-02, -3.14298E-02, -3.00641E-02, -2.87146E-02, -2.73905E-02, -2.60992E-02, -2.48466E-02, -2.36372E-02, -2.24742E-02, -2.13595E-02, -2.02944E-02, -1.92792E-02, -1.83135E-02, -1.73966E-02, -1.65273E-02, -1.57041E-02, -1.49253E-02, -1.41891E-02, -1.34935E-02, -1.28366E-02, -1.22164E-02,
 -1.17608E-02, -1.23559E-02, -1.29881E-02, -1.36597E-02, -1.43733E-02, -1.51311E-02, -1.59358E-02, -1.67898E-02, -1.76954E-02, -1.86548E-02, -1.96701E-02, -2.07428E-02, -2.18740E-02, -2.30642E-02, -2.43131E-02, -2.56191E-02, -2.69798E-02, -2.83908E-02, -2.98464E-02, -3.13388E-02, -3.28580E-02, -3.43920E-02, -3.59265E-02, -3.74450E-02, -3.89293E-02, -4.03601E-02, -4.17171E-02, -4.29801E-02, -4.41298E-02, -4.51485E-02, -4.60206E-02, -4.67334E-02, -4.72770E-02, -4.76442E-02, -4.78306E-02, -4.78343E-02, -4.76555E-02, -4.72967E-02, -4.67626E-02, -4.60604E-02, -4.52000E-02, -4.41941E-02, -4.30577E-02, -4.18081E-02, -4.04641E-02, -3.90453E-02, -3.75716E-02, -3.60619E-02, -3.45343E-02, -3.30049E-02, -3.14880E-02, -2.99957E-02, -2.85380E-02, -2.71228E-02, -2.57563E-02, -2.44427E-02, -2.31850E-02, -2.19848E-02, -2.08427E-02, -1.97583E-02, -1.87309E-02, -1.77590E-02, -1.68407E-02, -1.59741E-02, -1.51568E-02, -1.43865E-02, -1.36608E-02, -1.29774E-02, -1.23338E-02,
 -1.18412E-02, -1.24555E-02, -1.31097E-02, -1.38065E-02, -1.45488E-02, -1.53395E-02, -1.61817E-02, -1.70785E-02, -1.80328E-02, -1.90475E-02, -2.01255E-02, -2.12691E-02, -2.24802E-02, -2.37601E-02, -2.51092E-02, -2.65269E-02, -2.80110E-02, -2.95578E-02, -3.11614E-02, -3.28137E-02, -3.45040E-02, -3.62187E-02, -3.79415E-02, -3.96532E-02, -4.13323E-02, -4.29554E-02, -4.44979E-02, -4.59356E-02, -4.72447E-02, -4.84042E-02, -4.93958E-02, -5.02048E-02, -5.08204E-02, -5.12353E-02, -5.14452E-02, -5.14483E-02, -5.12451E-02, -5.08379E-02, -5.02318E-02, -4.94341E-02, -4.84558E-02, -4.73112E-02, -4.60179E-02, -4.45966E-02, -4.30698E-02, -4.14615E-02, -3.97955E-02, -3.80947E-02, -3.63803E-02, -3.46712E-02, -3.29838E-02, -3.13316E-02, -2.97256E-02, -2.81741E-02, -2.66831E-02, -2.52568E-02, -2.38975E-02, -2.26061E-02, -2.13826E-02, -2.02259E-02, -1.91343E-02, -1.81055E-02, -1.71372E-02, -1.62264E-02, -1.53702E-02, -1.45659E-02, -1.38103E-02, -1.31006E-02, -1.24341E-02,
 -1.19036E-02, -1.25362E-02, -1.32115E-02, -1.39328E-02, -1.47032E-02, -1.55264E-02, -1.64060E-02, -1.73457E-02, -1.83493E-02, -1.94205E-02, -2.05630E-02, -2.17802E-02, -2.30749E-02, -2.44497E-02, -2.59059E-02, -2.74438E-02, -2.90622E-02, -3.07580E-02, -3.25256E-02, -3.43568E-02, -3.62401E-02, -3.81605E-02, -4.00993E-02, -4.20341E-02, -4.39392E-02, -4.57863E-02, -4.75453E-02, -4.91862E-02, -5.06802E-02, -5.20016E-02, -5.31289E-02, -5.40459E-02, -5.47411E-02, -5.52077E-02,NA,NA, -5.52143E-02, -5.47539E-02, -5.40677E-02, -5.31629E-02, -5.20505E-02, -5.07467E-02, -4.92720E-02, -4.76511E-02, -4.59117E-02, -4.40830E-02, -4.21941E-02, -4.02727E-02, -3.83442E-02, -3.64307E-02, -3.45509E-02, -3.27199E-02, -3.09494E-02, -2.92480E-02, -2.76216E-02, -2.60736E-02, -2.46056E-02, -2.32177E-02, -2.19087E-02, -2.06766E-02, -1.95187E-02, -1.84319E-02, -1.74126E-02, -1.64573E-02, -1.55624E-02, -1.47242E-02, -1.39392E-02, -1.32040E-02, -1.25153E-02,
 -1.19461E-02, -1.25958E-02, -1.32912E-02, -1.40358E-02, -1.48335E-02, -1.56884E-02, -1.66047E-02, -1.75870E-02, -1.86399E-02, -1.97682E-02, -2.09765E-02, -2.22695E-02, -2.36513E-02, -2.51257E-02, -2.66955E-02, -2.83623E-02, -3.01262E-02, -3.19850E-02, -3.39341E-02, -3.59652E-02, -3.80664E-02, -4.02212E-02, -4.24084E-02, -4.46017E-02, -4.67702E-02, -4.88793E-02, -5.08917E-02, -5.27700E-02, -5.44782E-02,NA,NA,NA,NA,NA,NA,NA,NA,NA,NA,NA,NA, -5.45413E-02, -5.28569E-02, -5.10037E-02, -4.90160E-02, -4.69299E-02, -4.47816E-02, -4.26050E-02, -4.04305E-02, -3.82840E-02, -3.61869E-02, -3.41559E-02, -3.22034E-02, -3.03378E-02, -2.85644E-02, -2.68857E-02, -2.53022E-02, -2.38126E-02, -2.24145E-02, -2.11046E-02, -1.98788E-02, -1.87330E-02, -1.76625E-02, -1.66629E-02, -1.57297E-02, -1.48584E-02, -1.40448E-02, -1.32850E-02, -1.25751E-02,
 -1.19667E-02, -1.26323E-02, -1.33463E-02, -1.41129E-02, -1.49364E-02, -1.58216E-02, -1.67735E-02, -1.77975E-02, -1.88993E-02, -2.00845E-02, -2.13593E-02, -2.27296E-02, -2.42011E-02, -2.57792E-02, -2.74686E-02, -2.92727E-02, -3.11933E-02, -3.32300E-02, -3.53790E-02, -3.76332E-02, -3.99803E-02, -4.24026E-02, -4.48761E-02, -4.73700E-02, -4.98470E-02, -5.22643E-02, -5.45750E-02,NA,NA,NA,NA,NA,NA,NA,NA,NA,NA,NA,NA,NA,NA,NA,NA, -5.46916E-02, -5.24124E-02, -5.00243E-02, -4.75728E-02, -4.50996E-02, -4.26416E-02, -4.02293E-02, -3.78870E-02, -3.56328E-02, -3.34792E-02, -3.14343E-02, -2.95022E-02, -2.76841E-02, -2.59786E-02, -2.43828E-02, -2.28926E-02, -2.15030E-02, -2.02085E-02, -1.90034E-02, -1.78821E-02, -1.68389E-02, -1.58683E-02, -1.49650E-02, -1.41242E-02, -1.33411E-02, -1.26114E-02,
 -1.19637E-02, -1.26434E-02, -1.33743E-02, -1.41610E-02, -1.50085E-02, -1.59223E-02, -1.69080E-02, -1.79722E-02, -1.91214E-02, -2.03627E-02, -2.17037E-02, -2.31518E-02, -2.47147E-02, -2.63998E-02, -2.82141E-02, -3.01632E-02, -3.22515E-02, -3.44808E-02, -3.68495E-02, -3.93519E-02, -4.19762E-02, -4.47038E-02, -4.75079E-02, -5.03528E-02, -5.31931E-02,NA,NA,NA,NA,NA,NA,NA,NA,NA,NA,NA,NA,NA,NA,NA,NA,NA,NA,NA,NA, -5.33902E-02, -5.05821E-02, -4.77631E-02, -4.49777E-02, -4.22620E-02, -3.96431E-02, -3.71401E-02, -3.47655E-02, -3.25259E-02, -3.04237E-02, -2.84578E-02, -2.66246E-02, -2.49189E-02, -2.33344E-02, -2.18641E-02, -2.05008E-02, -1.92372E-02, -1.80661E-02, -1.69806E-02, -1.59742E-02, -1.50407E-02, -1.41743E-02, -1.33697E-02, -1.26219E-02,
 -1.19354E-02, -1.26271E-02, -1.33727E-02, -1.41773E-02, -1.50465E-02, -1.59863E-02, -1.70035E-02, -1.81055E-02, -1.93000E-02, -2.05955E-02, -2.20012E-02, -2.35265E-02, -2.51812E-02, -2.69753E-02, -2.89183E-02, -3.10191E-02, -3.32852E-02, -3.57217E-02, -3.83303E-02, -4.11075E-02, -4.40434E-02, -4.71194E-02, -5.03063E-02, -5.35625E-02,NA,NA,NA,NA,NA,NA,NA,NA,NA,NA,NA,NA,NA,NA,NA,NA,NA,NA,NA,NA,NA,NA, -5.38233E-02, -5.05991E-02, -4.74351E-02, -4.43729E-02, -4.14426E-02, -3.86637E-02, -3.60473E-02, -3.35977E-02, -3.13145E-02, -2.91935E-02, -2.72280E-02, -2.54100E-02, -2.37303E-02, -2.21796E-02, -2.07486E-02, -1.94279E-02, -1.82090E-02, -1.70834E-02, -1.60434E-02, -1.50819E-02, -1.41922E-02, -1.33682E-02, -1.26044E-02,
 -1.18799E-02, -1.25813E-02, -1.33392E-02, -1.41589E-02, -1.50468E-02, -1.60098E-02, -1.70553E-02, -1.81917E-02, -1.94283E-02, -2.07751E-02, -2.22428E-02, -2.38431E-02, -2.55884E-02, -2.74915E-02, -2.95654E-02, -3.18227E-02, -3.42752E-02, -3.69324E-02, -3.98005E-02, -4.28804E-02, -4.61653E-02, -4.96381E-02, -5.32682E-02,NA,NA,NA,NA,NA,NA,NA,NA,NA,NA,NA,NA,NA,NA,NA,NA,NA,NA,NA,NA,NA,NA,NA,NA, -5.36069E-02, -5.00040E-02, -4.65469E-02, -4.32673E-02, -4.01839E-02, -3.73050E-02, -3.46311E-02, -3.21575E-02, -2.98757E-02, -2.77751E-02, -2.58439E-02, -2.40697E-02, -2.24403E-02, -2.09437E-02, -1.95688E-02, -1.83049E-02, -1.71422E-02, -1.60717E-02, -1.50850E-02, -1.41748E-02, -1.33340E-02, -1.25566E-02,
 -1.17957E-02, -1.25042E-02, -1.32713E-02, -1.41031E-02, -1.50063E-02, -1.59886E-02, -1.70584E-02, -1.82253E-02, -1.94997E-02, -2.08932E-02, -2.24186E-02, -2.40901E-02, -2.59227E-02, -2.79327E-02, -3.01370E-02, -3.25531E-02, -3.51980E-02, -3.80871E-02, -4.12331E-02, -4.46430E-02, -4.83161E-02, -5.22392E-02,NA,NA,NA,NA,NA,NA,NA,NA,NA,NA,NA,NA,NA,NA,NA,NA,NA,NA,NA,NA,NA,NA,NA,NA,NA,NA, -5.26664E-02, -4.87602E-02, -4.50912E-02, -4.16747E-02, -3.85138E-02, -3.56032E-02, -3.29320E-02, -3.04862E-02, -2.82500E-02, -2.62070E-02, -2.43409E-02, -2.26362E-02, -2.10780E-02, -1.96528E-02, -1.83480E-02, -1.71521E-02, -1.60548E-02, -1.50466E-02, -1.41191E-02, -1.32647E-02, -1.24766E-02,
 -1.16814E-02, -1.23940E-02, -1.31671E-02, -1.40072E-02, -1.49218E-02, -1.59190E-02, -1.70084E-02, -1.82004E-02, -1.95070E-02, -2.09415E-02, -2.25186E-02, -2.42552E-02, -2.61693E-02, -2.82812E-02, -3.06124E-02, -3.31860E-02, -3.60254E-02, -3.91539E-02, -4.25926E-02, -4.63582E-02, -5.04587E-02,NA,NA,NA,NA,NA,NA,NA,NA,NA,NA,NA,NA,NA,NA,NA,NA,NA,NA,NA,NA,NA,NA,NA,NA,NA,NA,NA,NA, -5.09784E-02, -4.68791E-02, -4.31024E-02, -3.96428E-02, -3.64864E-02, -3.36141E-02, -3.10044E-02, -2.86352E-02, -2.64845E-02, -2.45316E-02, -2.27569E-02, -2.11427E-02, -1.96727E-02, -1.83323E-02, -1.71082E-02, -1.59887E-02, -1.49632E-02, -1.40225E-02, -1.31581E-02, -1.23625E-02,
 -1.15359E-02, -1.22494E-02, -1.30248E-02, -1.38691E-02, -1.47903E-02, -1.57975E-02, -1.69007E-02, -1.81117E-02, -1.94436E-02, -2.09115E-02, -2.25325E-02, -2.43257E-02, -2.63128E-02, -2.85181E-02, -3.09686E-02, -3.36935E-02, -3.67244E-02, -4.00941E-02, -4.38350E-02, -4.79764E-02,NA,NA,NA,NA,NA,NA,NA,NA,NA,NA,NA,NA,NA,NA,NA,NA,NA,NA,NA,NA,NA,NA,NA,NA,NA,NA,NA,NA,NA,NA, -4.85838E-02, -4.44240E-02, -4.06542E-02, -3.72482E-02, -3.41762E-02, -3.14073E-02, -2.89115E-02, -2.66607E-02, -2.46287E-02, -2.27920E-02, -2.11292E-02, -1.96215E-02, -1.82520E-02, -1.70057E-02, -1.58696E-02, -1.48319E-02, -1.38824E-02, -1.30120E-02, -1.22127E-02,
 -1.13583E-02, -1.20690E-02, -1.28427E-02, -1.36868E-02, -1.46096E-02, -1.56208E-02, -1.67314E-02, -1.79540E-02, -1.93031E-02, -2.07954E-02, -2.24500E-02, -2.42889E-02, -2.63371E-02, -2.86235E-02, -3.11806E-02, -3.40450E-02, -3.72575E-02, -4.08622E-02, -4.49057E-02,NA,NA,NA,NA,NA,NA,NA,NA,NA,NA,NA,NA,NA,NA,NA,NA,NA,NA,NA,NA,NA,NA,NA,NA,NA,NA,NA,NA,NA,NA,NA,NA, -4.55866E-02, -4.15032E-02, -3.78515E-02, -3.45877E-02, -3.16698E-02, -2.90588E-02, -2.67192E-02, -2.46192E-02, -2.27307E-02, -2.10290E-02, -1.94924E-02, -1.81017E-02, -1.68404E-02, -1.56940E-02, -1.46497E-02, -1.36966E-02, -1.28247E-02, -1.20257E-02,
 -1.11481E-02, -1.18522E-02, -1.26199E-02, -1.34588E-02, -1.43776E-02, -1.53865E-02, -1.64972E-02, -1.77231E-02, -1.90799E-02, -2.05857E-02, -2.22618E-02, -2.41326E-02, -2.62267E-02, -2.85773E-02, -3.12229E-02, -3.42079E-02, -3.75832E-02, -4.14061E-02, -4.57403E-02,NA,NA,NA,NA,NA,NA,NA,NA,NA,NA,NA,NA,NA,NA,NA,NA,NA,NA,NA,NA,NA,NA,NA,NA,NA,NA,NA,NA,NA,NA,NA,NA, -4.65268E-02, -4.21383E-02, -3.82547E-02, -3.48156E-02, -3.17658E-02, -2.90563E-02, -2.66436E-02, -2.44902E-02, -2.25632E-02, -2.08343E-02, -1.92792E-02, -1.78766E-02, -1.66085E-02, -1.54591E-02, -1.44146E-02, -1.34633E-02, -1.25950E-02, -1.18005E-02,
 -1.09049E-02, -1.15986E-02, -1.23558E-02, -1.31842E-02, -1.40931E-02, -1.50927E-02, -1.61955E-02, -1.74154E-02, -1.87692E-02, -2.02762E-02, -2.19594E-02, -2.38456E-02, -2.59667E-02, -2.83600E-02, -3.10698E-02, -3.41486E-02, -3.76576E-02, -4.16688E-02,NA,NA,NA,NA,NA,NA,NA,NA,NA,NA,NA,NA,NA,NA,NA,NA,NA,NA,NA,NA,NA,NA,NA,NA,NA,NA,NA,NA,NA,NA,NA,NA,NA,NA, -4.25022E-02, -3.84134E-02, -3.48256E-02, -3.16690E-02, -2.88838E-02, -2.64187E-02, -2.42299E-02, -2.22803E-02, -2.05382E-02, -1.89767E-02, -1.75728E-02, -1.63070E-02, -1.51625E-02, -1.41248E-02, -1.31815E-02, -1.23219E-02, -1.15366E-02,
 -1.06292E-02, -1.13083E-02, -1.20503E-02, -1.28629E-02, -1.37554E-02, -1.47386E-02, -1.58248E-02, -1.70287E-02, -1.83677E-02, -1.98622E-02, -2.15363E-02, -2.34189E-02, -2.55444E-02, -2.79541E-02, -3.06977E-02, -3.38346E-02, -3.74369E-02, -4.15911E-02,NA,NA,NA,NA,NA,NA,NA,NA,NA,NA,NA,NA,NA,NA,NA,NA,NA,NA,NA,NA,NA,NA,NA,NA,NA,NA,NA,NA,NA,NA,NA,NA,NA,NA, -4.25350E-02, -3.82829E-02, -3.45842E-02, -3.13544E-02, -2.85228E-02, -2.60305E-02, -2.38281E-02, -2.18745E-02, -2.01351E-02, -1.85809E-02, -1.71874E-02, -1.59340E-02, -1.48029E-02, -1.37794E-02, -1.28504E-02, -1.20051E-02, -1.12338E-02,
 -1.03214E-02, -1.09820E-02, -1.17040E-02, -1.24953E-02, -1.33650E-02, -1.43240E-02, -1.53847E-02, -1.65621E-02, -1.78738E-02, -1.93407E-02, -2.09879E-02, -2.28456E-02, -2.49502E-02, -2.73458E-02, -3.00862E-02, -3.32375E-02, -3.68806E-02, -4.11156E-02,NA,NA,NA,NA,NA,NA,NA,NA,NA,NA,NA,NA,NA,NA,NA,NA,NA,NA,NA,NA,NA,NA,NA,NA,NA,NA,NA,NA,NA,NA,NA,NA,NA,NA, -4.21774E-02, -3.78205E-02, -3.40610E-02, -3.08002E-02, -2.79578E-02, -2.54681E-02, -2.32771E-02, -2.13404E-02, -1.96213E-02, -1.80893E-02, -1.67188E-02, -1.54883E-02, -1.43799E-02, -1.33782E-02, -1.24702E-02, -1.16448E-02, -1.08925E-02,
 -9.98291E-03, -1.06209E-02, -1.13182E-02, -1.20826E-02, -1.29231E-02, -1.38503E-02, -1.48764E-02, -1.60164E-02, -1.72877E-02, -1.87114E-02, -2.03129E-02, -2.21227E-02, -2.41784E-02, -2.65256E-02, -2.92211E-02, -3.23350E-02, -3.59553E-02,NA,NA,NA,NA,NA,NA,NA,NA,NA,NA,NA,NA,NA,NA,NA,NA,NA,NA,NA,NA,NA,NA,NA,NA,NA,NA,NA,NA,NA,NA,NA,NA,NA,NA,NA,NA, -3.69903E-02, -3.32315E-02, -2.99899E-02, -2.71777E-02, -2.47242E-02, -2.25722E-02, -2.06754E-02, -1.89955E-02, -1.75014E-02, -1.61670E-02, -1.49706E-02, -1.38941E-02, -1.29221E-02, -1.20418E-02, -1.12421E-02, -1.05136E-02,
 -9.61518E-03, -1.02267E-02, -1.08948E-02, -1.16270E-02, -1.24320E-02, -1.33197E-02, -1.43023E-02, -1.53940E-02, -1.66119E-02, -1.79766E-02, -1.95128E-02, -2.12511E-02, -2.32284E-02, -2.54909E-02, -2.80957E-02, -3.11149E-02, -3.46397E-02,NA,NA,NA,NA,NA,NA,NA,NA,NA,NA,NA,NA,NA,NA,NA,NA,NA,NA,NA,NA,NA,NA,NA,NA,NA,NA,NA,NA,NA,NA,NA,NA,NA,NA,NA,NA, -3.57670E-02, -3.20801E-02, -2.89143E-02, -2.61775E-02, -2.37965E-02, -2.17130E-02, -1.98798E-02, -1.82588E-02, -1.68188E-02, -1.55338E-02, -1.43826E-02, -1.33473E-02, -1.24129E-02, -1.15669E-02, -1.07985E-02, -1.00986E-02,
 -9.22035E-03, -9.80173E-03, -1.04365E-02, -1.11314E-02, -1.18948E-02, -1.27360E-02, -1.36663E-02, -1.46994E-02, -1.58512E-02, -1.71412E-02, -1.85933E-02, -2.02362E-02, -2.21057E-02, -2.42461E-02, -2.67132E-02, -2.95772E-02, -3.29283E-02,NA,NA,NA,NA,NA,NA,NA,NA,NA,NA,NA,NA,NA,NA,NA,NA,NA,NA,NA,NA,NA,NA,NA,NA,NA,NA,NA,NA,NA,NA,NA,NA,NA,NA,NA,NA, -3.41408E-02, -3.06032E-02, -2.75735E-02, -2.49594E-02, -2.26884E-02, -2.07032E-02, -1.89579E-02, -1.74153E-02, -1.60452E-02, -1.48228E-02, -1.37276E-02, -1.27425E-02, -1.18534E-02, -1.10480E-02, -1.03163E-02, -9.64959E-03,
 -8.80096E-03, -9.34898E-03, -9.94641E-03, -1.05996E-02, -1.13158E-02, -1.21039E-02, -1.29741E-02, -1.39388E-02, -1.50127E-02, -1.62137E-02, -1.75634E-02, -1.90885E-02, -2.08219E-02, -2.28044E-02, -2.50875E-02, -2.77366E-02, -3.08357E-02,NA,NA,NA,NA,NA,NA,NA,NA,NA,NA,NA,NA,NA,NA,NA,NA,NA,NA,NA,NA,NA,NA,NA,NA,NA,NA,NA,NA,NA,NA,NA,NA,NA,NA,NA,NA, -3.21207E-02, -2.88115E-02, -2.59783E-02, -2.35337E-02, -2.14094E-02, -1.95516E-02, -1.79173E-02, -1.64718E-02, -1.51869E-02, -1.40395E-02, -1.30105E-02, -1.20842E-02, -1.12472E-02, -1.04885E-02, -9.79844E-03, -9.16913E-03,
 -8.35995E-03, -8.87178E-03, -9.42856E-03, -1.00359E-02, -1.07003E-02, -1.14295E-02, -1.22326E-02, -1.31205E-02, -1.41060E-02, -1.52050E-02, -1.64364E-02, -1.78235E-02, -1.93951E-02, -2.11870E-02, -2.32440E-02, -2.56232E-02, -2.83976E-02,NA,NA,NA,NA,NA,NA,NA,NA,NA,NA,NA,NA,NA,NA,NA,NA,NA,NA,NA,NA,NA,NA,NA,NA,NA,NA,NA,NA,NA,NA,NA,NA,NA,NA,NA,NA, -2.97369E-02, -2.67306E-02, -2.41506E-02, -2.19191E-02, -1.99755E-02, -1.82719E-02, -1.67698E-02, -1.54384E-02, -1.42524E-02, -1.31912E-02, -1.22377E-02, -1.13777E-02, -1.05993E-02, -9.89240E-03, -9.24852E-03, -8.66040E-03,
 -7.90065E-03, -8.37397E-03, -8.88737E-03, -9.44562E-03, -1.00543E-02, -1.07199E-02, -1.14501E-02, -1.22541E-02, -1.31427E-02, -1.41289E-02, -1.52286E-02, -1.64610E-02, -1.78495E-02, -1.94235E-02, -2.12191E-02, -2.32820E-02, -2.56702E-02,NA,NA,NA,NA,NA,NA,NA,NA,NA,NA,NA,NA,NA,NA,NA,NA,NA,NA,NA,NA,NA,NA,NA,NA,NA,NA,NA,NA,NA,NA,NA,NA,NA,NA,NA,NA, -2.70401E-02, -2.44013E-02, -2.21232E-02, -2.01424E-02, -1.84087E-02, -1.68821E-02, -1.55304E-02, -1.43277E-02, -1.32524E-02, -1.22870E-02, -1.14168E-02, -1.06296E-02, -9.91515E-03, -9.26465E-03, -8.67072E-03, -8.12701E-03,
 -7.42668E-03, -7.85976E-03, -8.32772E-03, -8.83445E-03, -9.38446E-03, -9.98296E-03, -1.06361E-02, -1.13510E-02, -1.21361E-02, -1.30017E-02, -1.39597E-02, -1.50247E-02, -1.62143E-02, -1.75500E-02, -1.90579E-02, -2.07705E-02, -2.27277E-02,NA,NA,NA,NA,NA,NA,NA,NA,NA,NA,NA,NA,NA,NA,NA,NA,NA,NA,NA,NA,NA,NA,NA,NA,NA,NA,NA,NA,NA,NA,NA,NA,NA,NA,NA,NA, -2.40993E-02, -2.18772E-02, -1.99386E-02, -1.82374E-02, -1.67361E-02, -1.54044E-02, -1.42174E-02, -1.31547E-02, -1.21994E-02, -1.13373E-02, -1.05567E-02, -9.84744E-03, -9.20118E-03, -8.61066E-03, -8.06971E-03, -7.57299E-03,
 -6.94187E-03, -7.33361E-03, -7.75485E-03, -8.20855E-03, -8.69808E-03, -9.22731E-03, -9.80066E-03, -1.04233E-02, -1.11011E-02, -1.18410E-02, -1.26513E-02, -1.35413E-02, -1.45223E-02, -1.56076E-02, -1.68127E-02, -1.81554E-02, -1.96566E-02,NA,NA,NA,NA,NA,NA,NA,NA,NA,NA,NA,NA,NA,NA,NA,NA,NA,NA,NA,NA,NA,NA,NA,NA,NA,NA,NA,NA,NA,NA,NA,NA,NA,NA,NA,NA, -2.09970E-02, -1.92215E-02, -1.76461E-02, -1.62430E-02, -1.49890E-02, -1.38640E-02, -1.28513E-02, -1.19364E-02, -1.11074E-02, -1.03539E-02, -9.66702E-03, -9.03934E-03, -8.46431E-03, -7.93633E-03, -7.45053E-03, -7.00266E-03,
 -6.45019E-03, -6.80017E-03, -7.17421E-03, -7.57432E-03, -8.00275E-03, -8.46195E-03, -8.95466E-03, -9.48392E-03, -1.00531E-02, -1.06659E-02, -1.13264E-02, -1.20391E-02, -1.28089E-02, -1.36405E-02, -1.45388E-02, -1.55078E-02, -1.65493E-02,NA,NA,NA,NA,NA,NA,NA,NA,NA,NA,NA,NA,NA,NA,NA,NA,NA,NA,NA,NA,NA,NA,NA,NA,NA,NA,NA,NA,NA,NA,NA,NA,NA,NA,NA,NA, -1.78225E-02, -1.65030E-02, -1.52990E-02, -1.42015E-02, -1.32010E-02, -1.22881E-02, -1.14540E-02, -1.06908E-02, -9.99123E-03, -9.34893E-03, -8.75820E-03, -8.21401E-03, -7.71189E-03, -7.24789E-03, -6.81850E-03, -6.42058E-03,
 -5.95566E-03, -6.26412E-03, -6.59129E-03, -6.93827E-03, -7.30615E-03, -7.69604E-03, -8.10902E-03, -8.54606E-03, -9.00800E-03, -9.49546E-03, -1.00086E-02, -1.05471E-02, -1.11095E-02, -1.16930E-02, -1.22923E-02, -1.28986E-02,NA,NA,NA,NA,NA,NA,NA,NA,NA,NA,NA,NA,NA,NA,NA,NA,NA,NA,NA,NA,NA,NA,NA,NA,NA,NA,NA,NA,NA,NA,NA,NA,NA,NA,NA,NA,NA, -1.46653E-02, -1.37910E-02, -1.29518E-02, -1.21560E-02, -1.14067E-02, -1.07045E-02, -1.00484E-02, -9.43647E-03, -8.86630E-03, -8.33531E-03, -7.84086E-03, -7.38040E-03, -6.95147E-03, -6.55174E-03, -6.17906E-03, -5.83140E-03,
 -5.46223E-03, -5.73009E-03, -6.01154E-03, -6.30678E-03, -6.61587E-03, -6.93861E-03, -7.27450E-03, -7.62262E-03, -7.98145E-03, -8.34869E-03, -8.72094E-03, -9.09334E-03, -9.45894E-03, -9.80794E-03, -1.01264E-02, -1.03944E-02,NA,NA,NA,NA,NA,NA,NA,NA,NA,NA,NA,NA,NA,NA,NA,NA,NA,NA,NA,NA,NA,NA,NA,NA,NA,NA,NA,NA,NA,NA,NA,NA,NA,NA,NA,NA,NA,NA, -1.11509E-02, -1.06567E-02, -1.01481E-02, -9.63965E-03, -9.14057E-03, -8.65678E-03, -8.19186E-03, -7.74783E-03, -7.32566E-03, -6.92560E-03, -6.54741E-03, -6.19054E-03, -5.85425E-03, -5.53764E-03, -5.23978E-03,
 -4.97370E-03, -5.20253E-03, -5.44016E-03, -5.68601E-03, -5.93916E-03, -6.19826E-03, -6.46140E-03, -6.72593E-03, -6.98824E-03, -7.24344E-03, -7.48500E-03, -7.70417E-03, -7.88925E-03, -8.02460E-03, -8.08918E-03, -8.05450E-03,NA,NA,NA,NA,NA,NA,NA,NA,NA,NA,NA,NA,NA,NA,NA,NA,NA,NA,NA,NA,NA,NA,NA,NA,NA,NA,NA,NA,NA,NA,NA,NA,NA,NA,NA,NA,NA,NA, -8.64160E-03, -8.46104E-03, -8.21658E-03, -7.93147E-03, -7.62217E-03, -7.30042E-03, -6.97455E-03, -6.65043E-03, -6.33219E-03, -6.02264E-03, -5.72366E-03, -5.43643E-03, -5.16162E-03, -4.89955E-03, -4.65025E-03,
 -4.49364E-03, -4.68558E-03, -4.88200E-03, -5.08164E-03, -5.28274E-03, -5.48296E-03, -5.67918E-03, -5.86729E-03, -6.04190E-03, -6.19599E-03, -6.32041E-03, -6.40325E-03, -6.42902E-03, -6.37748E-03, -6.22221E-03, -5.92849E-03,NA,NA,NA,NA,NA,NA,NA,NA,NA,NA,NA,NA,NA,NA,NA,NA,NA,NA,NA,NA,NA,NA,NA,NA,NA,NA,NA,NA,NA,NA,NA,NA,NA,NA,NA,NA,NA,NA, -6.31234E-03, -6.40586E-03, -6.39531E-03, -6.31026E-03, -6.17263E-03, -5.99873E-03, -5.80071E-03, -5.58764E-03, -5.36625E-03, -5.14156E-03, -4.91724E-03, -4.69599E-03, -4.47973E-03, -4.26981E-03, -4.06715E-03,
 -4.02528E-03, -4.18299E-03, -4.34144E-03, -4.49880E-03, -4.65264E-03, -4.79981E-03, -4.93623E-03, -5.05665E-03, -5.15430E-03, -5.22050E-03, -5.24412E-03, -5.21087E-03, -5.10247E-03, -4.89541E-03, -4.55956E-03,NA,NA,NA,NA,NA,NA,NA,NA,NA,NA,NA,NA,NA,NA,NA,NA,NA,NA,NA,NA,NA,NA,NA,NA,NA,NA,NA,NA,NA,NA,NA,NA,NA,NA,NA,NA,NA,NA,NA, -4.20233E-03, -4.52471E-03, -4.71273E-03, -4.79999E-03, -4.81211E-03, -4.76866E-03, -4.68463E-03, -4.57149E-03, -4.43804E-03, -4.29100E-03, -4.13553E-03, -3.97552E-03, -3.81396E-03, -3.65306E-03, -3.49447E-03,
 -3.57146E-03, -3.69804E-03, -3.82227E-03, -3.94189E-03, -4.05398E-03, -4.15481E-03, -4.23962E-03, -4.30236E-03, -4.33530E-03, -4.32865E-03, -4.26997E-03, -4.14344E-03, -3.92900E-03, -3.60118E-03, -3.12766E-03,NA,NA,NA,NA,NA,NA,NA,NA,NA,NA,NA,NA,NA,NA,NA,NA,NA,NA,NA,NA,NA,NA,NA,NA,NA,NA,NA,NA,NA,NA,NA,NA,NA,NA,NA,NA,NA,NA,NA, -2.34068E-03, -2.84339E-03, -3.19131E-03, -3.42001E-03, -3.55717E-03, -3.62435E-03, -3.63835E-03, -3.61226E-03, -3.55632E-03, -3.47847E-03, -3.38495E-03, -3.28057E-03, -3.16910E-03, -3.05344E-03, -2.93583E-03,
 -3.13457E-03, -3.23346E-03, -3.32761E-03, -3.41449E-03, -3.49090E-03, -3.55276E-03, -3.59492E-03, -3.61091E-03, -3.59250E-03, -3.52935E-03, -3.40841E-03, -3.21319E-03, -2.92291E-03, -2.51135E-03, -1.94549E-03,NA,NA,NA,NA,NA,NA,NA,NA,NA,NA,NA,NA,NA,NA,NA,NA,NA,NA,NA,NA,NA,NA,NA,NA,NA,NA,NA,NA,NA,NA,NA,NA,NA,NA,NA,NA,NA,NA,NA, -7.47116E-04, -1.38014E-03, -1.84744E-03, -2.18479E-03, -2.42046E-03, -2.57678E-03, -2.67139E-03, -2.71820E-03, -2.72823E-03, -2.71017E-03, -2.67089E-03, -2.61581E-03, -2.54924E-03, -2.47453E-03, -2.39436E-03,
 -2.71651E-03, -2.79137E-03, -2.85984E-03, -2.91931E-03, -2.96646E-03, -2.99712E-03, -3.00609E-03, -2.98681E-03, -2.93106E-03, -2.82852E-03, -2.66625E-03, -2.42797E-03, -2.09321E-03, -1.63625E-03, -1.02477E-03,NA,NA,NA,NA,NA,NA,NA,NA,NA,NA,NA,NA,NA,NA,NA,NA,NA,NA,NA,NA,NA,NA,NA,NA,NA,NA,NA,NA,NA,NA,NA,NA,NA,NA,NA,NA,NA,NA,NA,  5.67025E-04, -1.46058E-04, -6.91537E-04, -1.10389E-03, -1.41063E-03, -1.63371E-03, -1.79065E-03, -1.89542E-03, -1.95919E-03, -1.99086E-03, -1.99757E-03, -1.98500E-03, -1.95769E-03, -1.91929E-03, -1.87268E-03,
 -2.31863E-03, -2.37324E-03, -2.42059E-03, -2.45810E-03, -2.48257E-03, -2.48999E-03, -2.47537E-03, -2.43251E-03, -2.35362E-03, -2.22902E-03, -2.04658E-03, -1.79110E-03, -1.44351E-03, -9.79859E-04, -3.69974E-04,NA,NA,NA,NA,NA,NA,NA,NA,NA,NA,NA,NA,NA,NA,NA,NA,NA,NA,NA,NA,NA,NA,NA,NA,NA,NA,NA,NA,NA,NA,NA,NA,NA,NA,NA,NA,NA,NA,NA,  1.59806E-03,  8.54516E-04,  2.71731E-04, -1.82044E-04, -5.32310E-04, -7.99566E-04, -1.00031E-03, -1.14781E-03, -1.25279E-03, -1.32386E-03, -1.36801E-03, -1.39086E-03, -1.39695E-03, -1.38996E-03, -1.37285E-03,
 -1.94176E-03, -1.97993E-03, -2.01068E-03, -2.03167E-03, -2.03999E-03, -2.03202E-03, -2.00332E-03, -1.94836E-03, -1.86028E-03, -1.73058E-03, -1.54866E-03, -1.30130E-03, -9.71908E-04, -5.39621E-04,  2.19527E-05,  7.46391E-04,NA,NA,NA,NA,NA,NA,NA,NA,NA,NA,NA,NA,NA,NA,NA,NA,NA,NA,NA,NA,NA,NA,NA,NA,NA,NA,NA,NA,NA,NA,NA,NA,NA,NA,NA,NA,NA,NA,  2.34961E-03,  1.62373E-03,  1.04329E-03,  5.80730E-04,  2.13787E-04, -7.55397E-05, -3.01862E-04, -4.77057E-04, -6.10798E-04, -7.10967E-04, -7.83998E-04, -8.35142E-04, -8.68687E-04, -8.88136E-04, -8.96351E-04,
 -1.58620E-03, -1.61162E-03, -1.63020E-03, -1.63992E-03, -1.63837E-03, -1.62255E-03, -1.58881E-03, -1.53267E-03, -1.44862E-03, -1.32988E-03, -1.16805E-03, -9.52739E-04, -6.70927E-04, -3.06240E-04,  1.62160E-04,  7.61114E-04,NA,NA,NA,NA,NA,NA,NA,NA,NA,NA,NA,NA,NA,NA,NA,NA,NA,NA,NA,NA,NA,NA,NA,NA,NA,NA,NA,NA,NA,NA,NA,NA,NA,NA,NA,NA,NA,NA,  2.83266E-03,  2.17010E-03,  1.62949E-03,  1.18895E-03,  8.30731E-04,  5.40308E-04,  3.05765E-04,  1.17283E-04, -3.32476E-05, -1.52530E-04, -2.46108E-04, -3.18572E-04, -3.73720E-04, -4.14696E-04, -4.44100E-04,
 -1.25174E-03, -1.26794E-03, -1.27847E-03, -1.28184E-03, -1.27627E-03, -1.25958E-03, -1.22915E-03, -1.18186E-03, -1.11390E-03, -1.02071E-03, -8.96718E-04, -7.35133E-04, -5.27567E-04, -2.63519E-04,  7.04176E-05,  4.91778E-04,NA,NA,NA,NA,NA,NA,NA,NA,NA,NA,NA,NA,NA,NA,NA,NA,NA,NA,NA,NA,NA,NA,NA,NA,NA,NA,NA,NA,NA,NA,NA,NA,NA,NA,NA,NA,NA,NA,  3.06581E-03,  2.50846E-03,  2.04187E-03,  1.65144E-03,  1.32513E-03,  1.05283E-03,  8.26071E-04,  6.37652E-04,  4.81500E-04,  3.52472E-04,  2.46217E-04,  1.59062E-04,  8.79060E-05,  3.01346E-05, -1.64527E-05,
 -9.37725E-04, -9.47899E-04, -9.54172E-04, -9.55655E-04, -9.51316E-04, -9.39966E-04, -9.20241E-04, -8.90587E-04, -8.49246E-04, -7.94241E-04, -7.23353E-04, -6.34085E-04, -5.23586E-04, -3.88504E-04, -2.24665E-04, -2.64560E-05,NA,NA,NA,NA,NA,NA,NA,NA,NA,NA,NA,NA,NA,NA,NA,NA,NA,NA,NA,NA,NA,NA,NA,NA,NA,NA,NA,NA,NA,NA,NA,NA,NA,NA,NA,NA,NA,  3.55032E-03,  3.07537E-03,  2.65971E-03,  2.29681E-03,  1.98092E-03,  1.70678E-03,  1.46953E-03,  1.26472E-03,  1.08829E-03,  9.36579E-04,  8.06310E-04,  6.94585E-04,  5.98855E-04,  5.16889E-04,  4.46749E-04,  3.86757E-04,
 -6.43056E-04, -6.50065E-04, -6.55402E-04, -6.58862E-04, -6.60284E-04, -6.59575E-04, -6.56763E-04, -6.52064E-04, -6.45976E-04, -6.39412E-04, -6.33865E-04, -6.31638E-04, -6.36115E-04, -6.52091E-04, -6.86111E-04,NA,NA,NA,NA,NA,NA,NA,NA,NA,NA,NA,NA,NA,NA,NA,NA,NA,NA,NA,NA,NA,NA,NA,NA,NA,NA,NA,NA,NA,NA,NA,NA,NA,NA,NA,NA,NA,NA,NA,  2.89502E-03,  2.65026E-03,  2.41499E-03,  2.19351E-03,  1.98822E-03,  1.80011E-03,  1.62923E-03,  1.47499E-03,  1.33642E-03,  1.21235E-03,  1.10152E-03,  1.00268E-03,  9.14585E-04,  8.36102E-04,  7.66167E-04,
 -3.66295E-04, -3.72571E-04, -3.79761E-04, -3.88409E-04, -3.99281E-04, -4.13461E-04, -4.32455E-04, -4.58352E-04, -4.94034E-04, -5.43453E-04, -6.12015E-04, -7.07086E-04, -8.38662E-04, -1.02025E-03, -1.27001E-03,NA,NA,NA,NA,NA,NA,NA,NA,NA,NA,NA,NA,NA,NA,NA,NA,NA,NA,NA,NA,NA,NA,NA,NA,NA,NA,NA,NA,NA,NA,NA,NA,NA,NA,NA,NA,NA,NA,NA,  2.56448E-03,  2.51095E-03,  2.42040E-03,  2.30795E-03,  2.18413E-03,  2.05609E-03,  1.92862E-03,  1.80480E-03,  1.68653E-03,  1.57487E-03,  1.47034E-03,  1.37306E-03,  1.28292E-03,  1.19963E-03,  1.12283E-03,
 -1.05723E-04, -1.13227E-04, -1.24482E-04, -1.40802E-04, -1.63915E-04, -1.96104E-04, -2.40382E-04, -3.00734E-04, -3.82438E-04, -4.92496E-04, -6.40221E-04, -8.38027E-04, -1.10250E-03, -1.45587E-03, -1.92796E-03,NA,NA,NA,NA,NA,NA,NA,NA,NA,NA,NA,NA,NA,NA,NA,NA,NA,NA,NA,NA,NA,NA,NA,NA,NA,NA,NA,NA,NA,NA,NA,NA,NA,NA,NA,NA,NA,NA,NA,  2.12744E-03,  2.27542E-03,  2.33921E-03,  2.34474E-03,  2.31063E-03,  2.25018E-03,  2.17294E-03,  2.08568E-03,  1.99319E-03,  1.89884E-03,  1.80494E-03,  1.71308E-03,  1.62428E-03,  1.53918E-03,  1.45816E-03,
  1.40589E-04,  1.30386E-04,  1.13461E-04,  8.77336E-05,  5.05201E-05, -1.64381E-06, -7.32429E-05, -1.70099E-04, -2.99795E-04, -4.72241E-04, -7.00448E-04, -1.00157E-03, -1.39836E-03, -1.92111E-03, -2.61046E-03,NA,NA,NA,NA,NA,NA,NA,NA,NA,NA,NA,NA,NA,NA,NA,NA,NA,NA,NA,NA,NA,NA,NA,NA,NA,NA,NA,NA,NA,NA,NA,NA,NA,NA,NA,NA,NA,NA,NA,  1.62860E-03,  1.97811E-03,  2.19829E-03,  2.32503E-03,  2.38448E-03,  2.39574E-03,  2.37287E-03,  2.32616E-03,  2.26325E-03,  2.18971E-03,  2.10969E-03,  2.02619E-03,  1.94140E-03,  1.85691E-03,  1.77384E-03,
  3.74697E-04,  3.60823E-04,  3.37235E-04,  3.01111E-04,  2.48857E-04,  1.75886E-04,  7.63322E-05, -5.73318E-05, -2.34804E-04, -4.68632E-04, -7.75128E-04, -1.17562E-03, -1.69817E-03, -2.37995E-03, -3.27064E-03,NA,NA,NA,NA,NA,NA,NA,NA,NA,NA,NA,NA,NA,NA,NA,NA,NA,NA,NA,NA,NA,NA,NA,NA,NA,NA,NA,NA,NA,NA,NA,NA,NA,NA,NA,NA,NA,NA,NA,  1.11047E-03,  1.65209E-03,  2.02370E-03,  2.26957E-03,  2.42233E-03,  2.50619E-03,  2.53923E-03,  2.53502E-03,  2.50378E-03,  2.45323E-03,  2.38921E-03,  2.31611E-03,  2.23728E-03,  2.15520E-03,  2.07174E-03,
  5.98713E-04,  5.80682E-04,  5.50031E-04,  5.03242E-04,  4.35881E-04,  3.42338E-04,  2.15503E-04,  4.63301E-05, -1.76727E-04, -4.68474E-04, -8.47987E-04, -1.33999E-03, -1.97674E-03, -2.80063E-03, -3.86788E-03,NA,NA,NA,NA,NA,NA,NA,NA,NA,NA,NA,NA,NA,NA,NA,NA,NA,NA,NA,NA,NA,NA,NA,NA,NA,NA,NA,NA,NA,NA,NA,NA,NA,NA,NA,NA,NA,NA,NA,  6.10268E-04,  1.32703E-03,  1.83936E-03,  2.19779E-03,  2.44003E-03,  2.59447E-03,  2.68263E-03,  2.72092E-03,  2.72189E-03,  2.69518E-03,  2.64821E-03,  2.58669E-03,  2.51501E-03,  2.43655E-03,  2.35390E-03,
  8.14732E-04,  7.92522E-04,  7.54958E-04,  6.97904E-04,  6.16174E-04,  5.03261E-04,  3.50978E-04,  1.48995E-04, -1.15767E-04, -4.59931E-04, -9.04717E-04, -1.47736E-03, -2.21304E-03, -3.15749E-03, -4.37067E-03,NA,NA,NA,NA,NA,NA,NA,NA,NA,NA,NA,NA,NA,NA,NA,NA,NA,NA,NA,NA,NA,NA,NA,NA,NA,NA,NA,NA,NA,NA,NA,NA,NA,NA,NA,NA,NA,NA,NA,  1.57764E-04,  1.02777E-03,  1.66605E-03,  2.12705E-03,  2.45206E-03,  2.67265E-03,  2.81311E-03,  2.89219E-03,  2.92446E-03,  2.92125E-03,  2.89138E-03,  2.84175E-03,  2.77773E-03,  2.70351E-03,  2.62237E-03,
  1.02477E-03,  9.98777E-04,  9.54960E-04,  8.88637E-04,  7.93984E-04,  6.63740E-04,  4.88829E-04,  2.57889E-04, -4.33517E-05, -4.32871E-04, -9.33399E-04, -1.57380E-03, -2.39090E-03, -3.43196E-03, -4.75798E-03,NA,NA,NA,NA,NA,NA,NA,NA,NA,NA,NA,NA,NA,NA,NA,NA,NA,NA,NA,NA,NA,NA,NA,NA,NA,NA,NA,NA,NA,NA,NA,NA,NA,NA,NA,NA,NA,NA,NA, -2.25590E-04,  7.73702E-04,  1.52088E-03,  2.07222E-03,  2.47121E-03,  2.75163E-03,  2.93986E-03,  3.05657E-03,  3.11797E-03,  3.13683E-03,  3.12320E-03,  3.08501E-03,  3.02851E-03,  2.95862E-03,  2.87921E-03,
  1.23070E-03,  1.20170E-03,  1.15273E-03,  1.07865E-03,  9.73121E-04,  8.28277E-04,  6.34354E-04,  3.79209E-04,  4.77136E-05, -3.79026E-04, -9.24664E-04, -1.61890E-03, -2.49911E-03, -3.61255E-03, -5.01911E-03,NA,NA,NA,NA,NA,NA,NA,NA,NA,NA,NA,NA,NA,NA,NA,NA,NA,NA,NA,NA,NA,NA,NA,NA,NA,NA,NA,NA,NA,NA,NA,NA,NA,NA,NA,NA,NA,NA,NA, -5.26038E-04,  5.79044E-04,  1.41743E-03,  2.04569E-03,  2.50845E-03,  2.84097E-03,  3.07114E-03,  3.22109E-03,  3.30838E-03,  3.34694E-03,  3.34788E-03,  3.31998E-03,  3.27026E-03,  3.20427E-03,  3.12642E-03,
  1.43421E-03,  1.40331E-03,  1.35065E-03,  1.27076E-03,  1.15688E-03,  1.00072E-03,  7.92004E-04,  5.18057E-04,  1.63198E-04, -2.91993E-04, -8.71600E-04, -1.60552E-03, -2.53089E-03, -3.69390E-03, -5.15192E-03,NA,NA,NA,NA,NA,NA,NA,NA,NA,NA,NA,NA,NA,NA,NA,NA,NA,NA,NA,NA,NA,NA,NA,NA,NA,NA,NA,NA,NA,NA,NA,NA,NA,NA,NA,NA,NA,NA,NA, -7.35573E-04,  4.53888E-04,  1.36620E-03,  2.05754E-03,  2.57304E-03,  2.94890E-03,  3.21413E-03,  3.39196E-03,  3.50099E-03,  3.55610E-03,  3.56922E-03,  3.54987E-03,  3.50567E-03,  3.44271E-03,  3.36585E-03,
  1.63678E-03,  1.60533E-03,  1.55076E-03,  1.46732E-03,  1.34802E-03,  1.18422E-03,  9.65356E-04,  6.78436E-04,  3.07495E-04, -1.67096E-04, -7.69472E-04, -1.52929E-03, -2.48296E-03, -3.67507E-03, -5.16002E-03,NA,NA,NA,NA,NA,NA,NA,NA,NA,NA,NA,NA,NA,NA,NA,NA,NA,NA,NA,NA,NA,NA,NA,NA,NA,NA,NA,NA,NA,NA,NA,NA,NA,NA,NA,NA,NA,NA,NA, -8.49211E-04,  4.05724E-04,  1.37552E-03,  2.11599E-03,  2.67264E-03,  3.08235E-03,  3.37496E-03,  3.57452E-03,  3.70041E-03,  3.76825E-03,  3.79058E-03,  3.77750E-03,  3.73712E-03,  3.67594E-03,  3.59918E-03,
  1.83963E-03,  1.80920E-03,  1.75470E-03,  1.67026E-03,  1.54868E-03,  1.38121E-03,  1.15712E-03,  8.63301E-04,  4.83730E-04, -1.17730E-06, -6.15336E-04, -1.38791E-03, -2.35438E-03, -3.55770E-03, -5.04956E-03,NA,NA,NA,NA,NA,NA,NA,NA,NA,NA,NA,NA,NA,NA,NA,NA,NA,NA,NA,NA,NA,NA,NA,NA,NA,NA,NA,NA,NA,NA,NA,NA,NA,NA,NA,NA,NA,NA,NA, -8.62255E-04,  4.40979E-04,  1.45230E-03,  2.22782E-03,  2.81357E-03,  3.24704E-03,  3.55870E-03,  3.77321E-03,  3.91050E-03,  3.98670E-03,  4.01481E-03,  4.00532E-03,  3.96668E-03,  3.90571E-03,  3.82788E-03,
  2.04373E-03,  2.01602E-03,  1.96374E-03,  1.88097E-03,  1.76046E-03,  1.59344E-03,  1.36917E-03,  1.07462E-03,  6.93885E-04,  2.07631E-04, -4.07661E-04, -1.18053E-03, -2.14552E-03, -3.34423E-03, -4.82641E-03, -6.65083E-03,NA,NA,NA,NA,NA,NA,NA,NA,NA,NA,NA,NA,NA,NA,NA,NA,NA,NA,NA,NA,NA,NA,NA,NA,NA,NA,NA,NA,NA,NA,NA,NA,NA,NA,NA,NA,NA,NA, -7.68305E-04,  5.66110E-04,  1.60270E-03,  2.39870E-03,  3.00094E-03,  3.44751E-03,  3.76936E-03,  3.99153E-03,  4.13432E-03,  4.21411E-03,  4.24419E-03,  4.23528E-03,  4.19603E-03,  4.13344E-03,  4.05316E-03,
  2.24976E-03,  2.22656E-03,  2.17873E-03,  2.10039E-03,  1.98436E-03,  1.82195E-03,  1.60259E-03,  1.31344E-03,  9.38921E-04,  4.60091E-04, -1.46022E-04, -9.07266E-04, -1.85732E-03, -3.03679E-03, -4.49435E-03,NA,NA,NA,NA,NA,NA,NA,NA,NA,NA,NA,NA,NA,NA,NA,NA,NA,NA,NA,NA,NA,NA,NA,NA,NA,NA,NA,NA,NA,NA,NA,NA,NA,NA,NA,NA,NA,NA,NA, -5.58625E-04,  7.87945E-04,  1.83224E-03,  2.63323E-03,  3.23866E-03,  3.68714E-03,  4.00987E-03,  4.23205E-03,  4.37408E-03,  4.45243E-03,  4.48042E-03,  4.46886E-03,  4.42645E-03,  4.36026E-03,  4.27598E-03,
  2.45811E-03,  2.44124E-03,  2.40012E-03,  2.32898E-03,  2.22082E-03,  2.06715E-03,  1.85770E-03,  1.57997E-03,  1.21886E-03,  7.55981E-04,  1.69053E-04, -5.68989E-04, -1.49099E-03, -2.63679E-03, -4.05463E-03,NA,NA,NA,NA,NA,NA,NA,NA,NA,NA,NA,NA,NA,NA,NA,NA,NA,NA,NA,NA,NA,NA,NA,NA,NA,NA,NA,NA,NA,NA,NA,NA,NA,NA,NA,NA,NA,NA,NA,NA,  1.11312E-03,  2.14551E-03,  2.93476E-03,  3.52933E-03,  3.96803E-03,  4.28200E-03,  4.49631E-03,  4.63116E-03,  4.70285E-03,  4.72458E-03,  4.70702E-03,  4.65879E-03,  4.58690E-03,  4.49701E-03,
  2.66894E-03,  2.66018E-03,  2.62797E-03,  2.56674E-03,  2.46974E-03,  2.32881E-03,  2.13409E-03,  1.87359E-03,  1.53281E-03,  1.09413E-03,  5.36106E-04, -1.67373E-04, -1.04819E-03, -2.14536E-03, -3.50681E-03,NA,NA,NA,NA,NA,NA,NA,NA,NA,NA,NA,NA,NA,NA,NA,NA,NA,NA,NA,NA,NA,NA,NA,NA,NA,NA,NA,NA,NA,NA,NA,NA,NA,NA,NA,NA,NA,NA,NA,NA,  1.54678E-03,  2.54534E-03,  3.30490E-03,  3.87394E-03,  4.29086E-03,  4.58631E-03,  4.78479E-03,  4.90602E-03,  4.96585E-03,  4.97713E-03,  4.95020E-03,  4.89349E-03,  4.81378E-03,  4.71661E-03,
  2.88210E-03,  2.88316E-03,  2.86197E-03,  2.81321E-03,  2.73050E-03,  2.60610E-03,  2.43067E-03,  2.19288E-03,  1.87902E-03,  1.47239E-03,  9.52637E-04,  2.94868E-04, -5.31518E-04, -1.56434E-03, -2.85066E-03,NA,NA,NA,NA,NA,NA,NA,NA,NA,NA,NA,NA,NA,NA,NA,NA,NA,NA,NA,NA,NA,NA,NA,NA,NA,NA,NA,NA,NA,NA,NA,NA,NA,NA,NA,NA,NA,NA,NA,NA,  2.09082E-03,  3.03189E-03,  3.74303E-03,  4.27158E-03,  4.65475E-03,  4.92202E-03,  5.09689E-03,  5.19821E-03,  5.24113E-03,  5.23788E-03,  5.19834E-03,  5.13053E-03,  5.04095E-03,  4.93487E-03,
  3.09721E-03,  3.10970E-03,  3.10147E-03,  3.06756E-03,  3.00201E-03,  2.89762E-03,  2.74568E-03,  2.53567E-03,  2.25482E-03,  1.88758E-03,  1.41496E-03,  8.13632E-04,  5.47870E-05, -8.97477E-04, -2.08831E-03,NA,NA,NA,NA,NA,NA,NA,NA,NA,NA,NA,NA,NA,NA,NA,NA,NA,NA,NA,NA,NA,NA,NA,NA,NA,NA,NA,NA,NA,NA,NA,NA,NA,NA,NA,NA,NA,NA,NA,NA,  2.74231E-03,  3.60168E-03,  4.24574E-03,  4.71920E-03,  5.05707E-03,  5.28697E-03,  5.43088E-03,  5.50640E-03,  5.52765E-03,  5.50606E-03,  5.45084E-03,  5.36950E-03,  5.26811E-03,  5.15160E-03,
  3.31368E-03,  3.33902E-03,  3.34549E-03,  3.32855E-03,  3.28274E-03,  3.20145E-03,  3.07676E-03,  2.89904E-03,  2.65666E-03,  2.33544E-03,  1.91804E-03,  1.38313E-03,  7.04281E-04, -1.51591E-04, -1.22631E-03,NA,NA,NA,NA,NA,NA,NA,NA,NA,NA,NA,NA,NA,NA,NA,NA,NA,NA,NA,NA,NA,NA,NA,NA,NA,NA,NA,NA,NA,NA,NA,NA,NA,NA,NA,NA,NA,NA,NA,NA,  3.49230E-03,  4.24701E-03,  4.80654E-03,  5.21144E-03,  5.49345E-03,  5.67764E-03,  5.78394E-03,  5.82834E-03,  5.82366E-03,  5.78030E-03,  5.70668E-03,  5.60961E-03,  5.49466E-03,  5.36635E-03,
  3.53069E-03,  3.57011E-03,  3.59278E-03,  3.59463E-03,  3.57074E-03,  3.51521E-03,  3.42095E-03,  3.27939E-03,  3.08015E-03,  2.81065E-03,  2.45549E-03,  1.99574E-03,  1.40795E-03,  6.62807E-04, -2.76753E-04,NA,NA,NA,NA,NA,NA,NA,NA,NA,NA,NA,NA,NA,NA,NA,NA,NA,NA,NA,NA,NA,NA,NA,NA,NA,NA,NA,NA,NA,NA,NA,NA,NA,NA,NA,NA,NA,NA,NA,NA,  4.32564E-03,  4.95589E-03,  5.41590E-03,  5.74071E-03,  5.95786E-03,  6.08923E-03,  6.15228E-03,  6.16102E-03,  6.12679E-03,  6.05875E-03,  5.96437E-03,  5.84971E-03,  5.71972E-03,  5.57843E-03,
  3.74728E-03,  3.80177E-03,  3.84186E-03,  3.86395E-03,  3.86376E-03,  3.83611E-03,  3.77484E-03,  3.67251E-03,  3.52016E-03,  3.30693E-03,  3.01961E-03,  2.64203E-03,  2.15424E-03,  1.53147E-03,  7.42603E-04,NA,NA,NA,NA,NA,NA,NA,NA,NA,NA,NA,NA,NA,NA,NA,NA,NA,NA,NA,NA,NA,NA,NA,NA,NA,NA,NA,NA,NA,NA,NA,NA,NA,NA,NA,NA,NA,NA,NA,NA,  5.22172E-03,  5.71255E-03,  6.06163E-03,  6.29748E-03,  6.44282E-03,  6.51585E-03,  6.53122E-03,  6.50076E-03,  6.43411E-03,  6.33909E-03,  6.22210E-03,  6.08836E-03,  5.94214E-03,  5.78695E-03,
  3.96234E-03,  4.03264E-03,  4.09104E-03,  4.13447E-03,  4.15927E-03,  4.16106E-03,  4.13464E-03,  4.07376E-03,  3.97095E-03,  3.81720E-03,  3.60165E-03,  3.31111E-03,  2.92948E-03,  2.43701E-03,  1.80930E-03,NA,NA,NA,NA,NA,NA,NA,NA,NA,NA,NA,NA,NA,NA,NA,NA,NA,NA,NA,NA,NA,NA,NA,NA,NA,NA,NA,NA,NA,NA,NA,NA,NA,NA,NA,NA,NA,NA,NA,  5.67551E-03,  6.15603E-03,  6.49851E-03,  6.72956E-03,  6.87080E-03,  6.93977E-03,  6.95078E-03,  6.91547E-03,  6.84337E-03,  6.74231E-03,  6.61868E-03,  6.47777E-03,  6.32390E-03,  6.16063E-03,  5.99088E-03,
  4.17466E-03,  4.26125E-03,  4.33854E-03,  4.40399E-03,  4.45459E-03,  4.48677E-03,  4.49629E-03,  4.47815E-03,  4.42638E-03,  4.33388E-03,  4.19217E-03,  3.99113E-03,  3.71861E-03,  3.36004E-03,  2.89792E-03,  2.31131E-03,NA,NA,NA,NA,NA,NA,NA,NA,NA,NA,NA,NA,NA,NA,NA,NA,NA,NA,NA,NA,NA,NA,NA,NA,NA,NA,NA,NA,NA,NA,NA,NA,NA,NA,NA,NA,NA,NA,  6.81216E-03,  7.10227E-03,  7.29391E-03,  7.40452E-03,  7.44893E-03,  7.43956E-03,  7.38682E-03,  7.29934E-03,  7.18434E-03,  7.04780E-03,  6.89468E-03,  6.72911E-03,  6.55452E-03,  6.37372E-03,  6.18905E-03,
  4.38297E-03,  4.48605E-03,  4.58247E-03,  4.67021E-03,  4.74692E-03,  4.80982E-03,  4.85565E-03,  4.88059E-03,  4.88018E-03,  4.84917E-03,  4.78144E-03,  4.66986E-03,  4.50610E-03,  4.28057E-03,  3.98231E-03,  3.59907E-03,NA,NA,NA,NA,NA,NA,NA,NA,NA,NA,NA,NA,NA,NA,NA,NA,NA,NA,NA,NA,NA,NA,NA,NA,NA,NA,NA,NA,NA,NA,NA,NA,NA,NA,NA,NA,NA,NA,  7.92866E-03,  8.03458E-03,  8.07902E-03,  8.07130E-03,  8.02004E-03,  7.93291E-03,  7.81664E-03,  7.67703E-03,  7.51904E-03,  7.34688E-03,  7.16411E-03,  6.97375E-03,  6.77831E-03,  6.57989E-03,  6.38025E-03,
  4.58600E-03,  4.70550E-03,  4.82095E-03,  4.93086E-03,  5.03349E-03,  5.12684E-03,  5.20857E-03,  5.27602E-03,  5.32613E-03,  5.35543E-03,  5.35998E-03,  5.33541E-03,  5.27692E-03,  5.17938E-03,  5.03760E-03,  4.84679E-03,NA,NA,NA,NA,NA,NA,NA,NA,NA,NA,NA,NA,NA,NA,NA,NA,NA,NA,NA,NA,NA,NA,NA,NA,NA,NA,NA,NA,NA,NA,NA,NA,NA,NA,NA,NA,NA,  9.02975E-03,  8.99451E-03,  8.92944E-03,  8.83560E-03,  8.71562E-03,  8.57288E-03,  8.41091E-03,  8.23317E-03,  8.04288E-03,  7.84293E-03,  7.63591E-03,  7.42406E-03,  7.20932E-03,  6.99337E-03,  6.77761E-03,  6.56323E-03,
  4.78247E-03,  4.91806E-03,  5.05214E-03,  5.18370E-03,  5.31161E-03,  5.43457E-03,  5.55112E-03,  5.65965E-03,  5.75839E-03,  5.84547E-03,  5.91892E-03,  5.97680E-03,  6.01735E-03,  6.03924E-03,  6.04199E-03,  6.02671E-03,  5.99719E-03,NA,NA,NA,NA,NA,NA,NA,NA,NA,NA,NA,NA,NA,NA,NA,NA,NA,NA,NA,NA,NA,NA,NA,NA,NA,NA,NA,NA,NA,NA,NA,NA,NA,NA,NA,NA,  1.02064E-02,  9.98494E-03,  9.76706E-03,  9.54784E-03,  9.32487E-03,  9.09735E-03,  8.86545E-03,  8.62987E-03,  8.39160E-03,  8.15175E-03,  7.91142E-03,  7.67170E-03,  7.43355E-03,  7.19785E-03,  6.96538E-03,  6.73678E-03,
  4.97117E-03,  5.12227E-03,  5.27428E-03,  5.42664E-03,  5.57876E-03,  5.72998E-03,  5.87964E-03,  6.02706E-03,  6.17162E-03,  6.31283E-03,  6.45041E-03,  6.58445E-03,  6.71568E-03,  6.84576E-03,  6.97783E-03,  7.11725E-03,  7.27265E-03,NA,NA,NA,NA,NA,NA,NA,NA,NA,NA,NA,NA,NA,NA,NA,NA,NA,NA,NA,NA,NA,NA,NA,NA,NA,NA,NA,NA,NA,NA,NA,NA,NA,NA,NA,NA,  1.12606E-02,  1.08818E-02,  1.05322E-02,  1.02031E-02,  9.88860E-03,  9.58490E-03,  9.28952E-03,  9.00100E-03,  8.71851E-03,  8.44165E-03,  8.17029E-03,  7.90447E-03,  7.64433E-03,  7.39004E-03,  7.14179E-03,  6.89976E-03,
  5.15096E-03,  5.31678E-03,  5.48577E-03,  5.65776E-03,  5.83265E-03,  6.01035E-03,  6.19088E-03,  6.37438E-03,  6.56120E-03,  6.75198E-03,  6.94784E-03,  7.15048E-03,  7.36253E-03,  7.58787E-03,  7.83214E-03,  8.10346E-03,  8.41328E-03,  8.77761E-03,NA,NA,NA,NA,NA,NA,NA,NA,NA,NA,NA,NA,NA,NA,NA,NA,NA,NA,NA,NA,NA,NA,NA,NA,NA,NA,NA,NA,NA,NA,NA,NA,NA,NA,  1.27490E-02,  1.21801E-02,  1.16733E-02,  1.12142E-02,  1.07920E-02,  1.03989E-02,  1.00287E-02,  9.67743E-03,  9.34180E-03,  9.01963E-03,  8.70933E-03,  8.40976E-03,  8.12011E-03,  7.83979E-03,  7.56838E-03,  7.30558E-03,  7.05113E-03,
  5.32082E-03,  5.50039E-03,  5.68517E-03,  5.87537E-03,  6.07128E-03,  6.27332E-03,  6.48207E-03,  6.69835E-03,  6.92330E-03,  7.15847E-03,  7.40602E-03,  7.66888E-03,  7.95103E-03,  8.25785E-03,  8.59652E-03,  8.97667E-03,  9.41098E-03,  9.91597E-03,NA,NA,NA,NA,NA,NA,NA,NA,NA,NA,NA,NA,NA,NA,NA,NA,NA,NA,NA,NA,NA,NA,NA,NA,NA,NA,NA,NA,NA,NA,NA,NA,NA,  1.44151E-02,  1.36420E-02,  1.29606E-02,  1.23537E-02,  1.18069E-02,  1.13087E-02,  1.08501E-02,  1.04240E-02,  1.00249E-02,  9.64856E-03,  9.29181E-03,  8.95213E-03,  8.62759E-03,  8.31672E-03,  8.01835E-03,  7.73157E-03,  7.45564E-03,  7.18998E-03,
  5.47986E-03,  5.67204E-03,  5.87125E-03,  6.07802E-03,  6.29298E-03,  6.51695E-03,  6.75097E-03,  6.99639E-03,  7.25496E-03,  7.52892E-03,  7.82119E-03,  8.13552E-03,  8.47677E-03,  8.85118E-03,  9.26674E-03,  9.73362E-03,  1.02646E-02,  1.08755E-02,  1.15854E-02,NA,NA,NA,NA,NA,NA,NA,NA,NA,NA,NA,NA,NA,NA,NA,NA,NA,NA,NA,NA,NA,NA,NA,NA,NA,NA,NA,NA,NA,NA,NA,NA,  1.52253E-02,  1.43660E-02,  1.36034E-02,  1.29218E-02,  1.23078E-02,  1.17501E-02,  1.12392E-02,  1.07675E-02,  1.03290E-02,  9.91869E-03,  9.53273E-03,  9.16801E-03,  8.82203E-03,  8.49281E-03,  8.17874E-03,  7.87853E-03,  7.59109E-03,  7.31556E-03,
  5.62734E-03,  5.83086E-03,  6.04303E-03,  6.26457E-03,  6.49643E-03,  6.73973E-03,  6.99587E-03,  7.26660E-03,  7.55409E-03,  7.86108E-03,  8.19096E-03,  8.54801E-03,  8.93753E-03,  9.36616E-03,  9.84207E-03,  1.03753E-02,  1.09781E-02,  1.16648E-02,  1.24521E-02,  1.33584E-02,NA,NA,NA,NA,NA,NA,NA,NA,NA,NA,NA,NA,NA,NA,NA,NA,NA,NA,NA,NA,NA,NA,NA,NA,NA,NA,NA,NA,NA,NA,  1.68706E-02,  1.58454E-02,  1.49312E-02,  1.41139E-02,  1.33802E-02,  1.27177E-02,  1.21156E-02,  1.15649E-02,  1.10579E-02,  1.05882E-02,  1.01506E-02,  9.74091E-03,  9.35561E-03,  8.99185E-03,  8.64730E-03,  8.32003E-03,  8.00845E-03,  7.71124E-03,  7.42729E-03,
  5.76265E-03,  5.97619E-03,  6.19971E-03,  6.43415E-03,  6.68066E-03,  6.94059E-03,  7.21560E-03,  7.50773E-03,  7.81942E-03,  8.15370E-03,  8.51423E-03,  8.90552E-03,  9.33303E-03,  9.80338E-03,  1.03245E-02,  1.09060E-02,  1.15589E-02,  1.22961E-02,  1.31317E-02,  1.40808E-02,  1.51581E-02,NA,NA,NA,NA,NA,NA,NA,NA,NA,NA,NA,NA,NA,NA,NA,NA,NA,NA,NA,NA,NA,NA,NA,NA,NA,NA,NA,NA,  1.85108E-02,  1.73438E-02,  1.62938E-02,  1.53500E-02,  1.45007E-02,  1.37341E-02,  1.30395E-02,  1.24069E-02,  1.18279E-02,  1.12950E-02,  1.08020E-02,  1.03437E-02,  9.91563E-03,  9.51420E-03,  9.13635E-03,  8.77952E-03,  8.44160E-03,  8.12079E-03,  7.81561E-03,  7.52478E-03,
  5.88537E-03,  6.10752E-03,  6.34076E-03,  6.58617E-03,  6.84503E-03,  7.11888E-03,  7.40953E-03,  7.71917E-03,  8.05043E-03,  8.40645E-03,  8.79099E-03,  9.20856E-03,  9.66454E-03,  1.01653E-02,  1.07183E-02,  1.13322E-02,  1.20169E-02,  1.27836E-02,  1.36440E-02,  1.46106E-02,  1.56950E-02,  1.69068E-02,NA,NA,NA,NA,NA,NA,NA,NA,NA,NA,NA,NA,NA,NA,NA,NA,NA,NA,NA,NA,NA,NA,NA,NA,NA,NA,  2.00801E-02,  1.88027E-02,  1.76414E-02,  1.65890E-02,  1.56364E-02,  1.47736E-02,  1.39907E-02,  1.32781E-02,  1.26272E-02,  1.20301E-02,  1.14801E-02,  1.09711E-02,  1.04982E-02,  1.00569E-02,  9.64363E-03,  9.25528E-03,  8.88920E-03,  8.54317E-03,  8.21529E-03,  7.90396E-03,  7.60778E-03,
  5.99522E-03,  6.22457E-03,  6.46587E-03,  6.72031E-03,  6.98925E-03,  7.27433E-03,  7.57745E-03,  7.90088E-03,  8.24728E-03,  8.61980E-03,  9.02216E-03,  9.45872E-03,  9.93457E-03,  1.04556E-02,  1.10287E-02,  1.16616E-02,  1.23629E-02,  1.31420E-02,  1.40088E-02,  1.49732E-02,  1.60445E-02,  1.72304E-02,  1.85361E-02,NA,NA,NA,NA,NA,NA,NA,NA,NA,NA,NA,NA,NA,NA,NA,NA,NA,NA,NA,NA,NA,NA,NA,NA,  2.15189E-02,  2.01655E-02,  1.89229E-02,  1.77864E-02,  1.67495E-02,  1.58047E-02,  1.49436E-02,  1.41579E-02,  1.34395E-02,  1.27807E-02,  1.21747E-02,  1.16152E-02,  1.10969E-02,  1.06150E-02,  1.01653E-02,  9.74424E-03,  9.34883E-03,  8.97642E-03,  8.62476E-03,  8.29192E-03,  7.97623E-03,  7.67625E-03,
  6.09206E-03,  6.32721E-03,  6.57495E-03,  6.83651E-03,  7.11332E-03,  7.40704E-03,  7.71961E-03,  8.05328E-03,  8.41069E-03,  8.79488E-03,  9.20941E-03,  9.65839E-03,  1.01465E-02,  1.06792E-02,  1.12625E-02,  1.19031E-02,  1.26084E-02,  1.33863E-02,  1.42448E-02,  1.51919E-02,  1.62347E-02,  1.73795E-02,  1.86304E-02,  1.99894E-02,  2.14565E-02,NA,NA,NA,NA,NA,NA,NA,NA,NA,NA,NA,NA,NA,NA,NA,NA,NA,NA,NA,NA,NA,  2.27712E-02,  2.13794E-02,  2.00890E-02,  1.88975E-02,  1.78007E-02,  1.67933E-02,  1.58694E-02,  1.50221E-02,  1.42447E-02,  1.35303E-02,  1.28725E-02,  1.22653E-02,  1.17033E-02,  1.11815E-02,  1.06957E-02,  1.02419E-02,  9.81683E-03,  9.41758E-03,  9.04159E-03,  8.68666E-03,  8.35088E-03,  8.03257E-03,  7.73030E-03,
  6.17591E-03,  6.41549E-03,  6.66808E-03,  6.93494E-03,  7.21750E-03,  7.51742E-03,  7.83660E-03,  8.17723E-03,  8.54184E-03,  8.93332E-03,  9.35498E-03,  9.81060E-03,  1.03044E-02,  1.08413E-02,  1.14264E-02,  1.20656E-02,  1.27649E-02,  1.35309E-02,  1.43699E-02,  1.52882E-02,  1.62912E-02,  1.73836E-02,  1.85682E-02,  1.98466E-02,  2.12181E-02,  2.26807E-02,NA,NA,NA,NA,NA,NA,NA,NA,NA,NA,NA,NA,NA,NA,NA,NA,NA,NA,NA,  2.37806E-02,  2.23938E-02,  2.10934E-02,  1.98795E-02,  1.87508E-02,  1.77047E-02,  1.67375E-02,  1.58444E-02,  1.50204E-02,  1.42600E-02,  1.35577E-02,  1.29082E-02,  1.23064E-02,  1.17476E-02,  1.12275E-02,  1.07422E-02,  1.02882E-02,  9.86256E-03,  9.46240E-03,  9.08538E-03,  8.72938E-03,  8.39257E-03,  8.07331E-03,  7.77018E-03,
  6.24693E-03,  6.48960E-03,  6.74553E-03,  7.01595E-03,  7.30228E-03,  7.60611E-03,  7.92929E-03,  8.27389E-03,  8.64228E-03,  9.03715E-03,  9.46153E-03,  9.91880E-03,  1.04128E-02,  1.09475E-02,  1.15277E-02,  1.21580E-02,  1.28435E-02,  1.35894E-02,  1.44006E-02,  1.52818E-02,  1.62370E-02,  1.72693E-02,  1.83802E-02,  1.95700E-02,  2.08369E-02,  2.21774E-02,  2.35852E-02,NA,NA,NA,NA,NA,NA,NA,NA,NA,NA,NA,NA,NA,NA,NA,NA,  2.58774E-02,  2.44924E-02,  2.31613E-02,  2.18931E-02,  2.06930E-02,  1.95637E-02,  1.85055E-02,  1.75177E-02,  1.65979E-02,  1.57431E-02,  1.49494E-02,  1.42128E-02,  1.35290E-02,  1.28937E-02,  1.23026E-02,  1.17519E-02,  1.12377E-02,  1.07569E-02,  1.03062E-02,  9.88286E-03,  9.48443E-03,  9.10869E-03,  8.75366E-03,  8.41758E-03,  8.09891E-03,  7.79628E-03,
  6.30535E-03,  6.54988E-03,  6.80772E-03,  7.08010E-03,  7.36835E-03,  7.67401E-03,  7.99881E-03,  8.34469E-03,  8.71384E-03,  9.10869E-03,  9.53196E-03,  9.98666E-03,  1.04760E-02,  1.10037E-02,  1.15734E-02,  1.21890E-02,  1.28547E-02,  1.35744E-02,  1.43519E-02,  1.51904E-02,  1.60927E-02,  1.70603E-02,  1.80936E-02,  1.91915E-02,  2.03510E-02,  2.15666E-02,  2.28302E-02,  2.41295E-02,  2.54468E-02,NA,NA,NA,NA,NA,NA,NA,NA,NA,NA,NA,NA,NA,  2.61019E-02,  2.48655E-02,  2.36429E-02,  2.24518E-02,  2.13040E-02,  2.02072E-02,  1.91659E-02,  1.81823E-02,  1.72571E-02,  1.63895E-02,  1.55778E-02,  1.48196E-02,  1.41118E-02,  1.34513E-02,  1.28347E-02,  1.22586E-02,  1.17199E-02,  1.12154E-02,  1.07422E-02,  1.02977E-02,  9.87937E-03,  9.48501E-03,  9.11261E-03,  8.76036E-03,  8.42663E-03,  8.10997E-03,  7.80909E-03,
  6.35156E-03,  6.59676E-03,  6.85521E-03,  7.12805E-03,  7.41655E-03,  7.72215E-03,  8.04646E-03,  8.39126E-03,  8.75852E-03,  9.15043E-03,  9.56937E-03,  1.00180E-02,  1.04990E-02,  1.10154E-02,  1.15704E-02,  1.21670E-02,  1.28085E-02,  1.34977E-02,  1.42375E-02,  1.50299E-02,  1.58763E-02,  1.67774E-02,  1.77323E-02,  1.87386E-02,  1.97923E-02,  2.08867E-02,  2.20124E-02,  2.31560E-02,  2.42995E-02,  2.54185E-02,  2.64816E-02,NA,NA,NA,NA,NA,NA,NA,NA,  2.77935E-02,  2.69084E-02,  2.59266E-02,  2.48860E-02,  2.38177E-02,  2.27456E-02,  2.16875E-02,  2.06563E-02,  1.96609E-02,  1.87073E-02,  1.77993E-02,  1.69386E-02,  1.61257E-02,  1.53601E-02,  1.46406E-02,  1.39650E-02,  1.33313E-02,  1.27369E-02,  1.21792E-02,  1.16556E-02,  1.11637E-02,  1.07009E-02,  1.02650E-02,  9.85390E-03,  9.46562E-03,  9.09836E-03,  8.75051E-03,  8.42057E-03,  8.10721E-03,  7.80921E-03,
  6.38598E-03,  6.63080E-03,  6.88864E-03,  7.16059E-03,  7.44784E-03,  7.75172E-03,  8.07368E-03,  8.41534E-03,  8.77845E-03,  9.16494E-03,  9.57688E-03,  1.00165E-02,  1.04861E-02,  1.09882E-02,  1.15252E-02,  1.20996E-02,  1.27138E-02,  1.33698E-02,  1.40695E-02,  1.48140E-02,  1.56039E-02,  1.64386E-02,  1.73164E-02,  1.82343E-02,  1.91871E-02,  2.01677E-02,  2.11662E-02,  2.21693E-02,  2.31599E-02,  2.41165E-02,  2.50127E-02,  2.58183E-02,  2.65005E-02,  2.70273E-02,  2.73712E-02,  2.75139E-02,  2.74487E-02,  2.71821E-02,  2.67326E-02,  2.61270E-02,  2.53971E-02,  2.45748E-02,  2.36900E-02,  2.27685E-02,  2.18314E-02,  2.08955E-02,  1.99735E-02,  1.90748E-02,  1.82062E-02,  1.73723E-02,  1.65758E-02,  1.58184E-02,  1.51003E-02,  1.44212E-02,  1.37801E-02,  1.31756E-02,  1.26058E-02,  1.20689E-02,  1.15629E-02,  1.10858E-02,  1.06356E-02,  1.02103E-02,  9.80832E-03,  9.42782E-03,  9.06726E-03,  8.72520E-03,  8.40032E-03,  8.09139E-03,  7.79732E-03,
  6.40915E-03,  6.65259E-03,  6.90874E-03,  7.17860E-03,  7.46327E-03,  7.76395E-03,  8.08196E-03,  8.41873E-03,  8.77579E-03,  9.15483E-03,  9.55759E-03,  9.98594E-03,  1.04418E-02,  1.09272E-02,  1.14439E-02,  1.19939E-02,  1.25788E-02,  1.32001E-02,  1.38587E-02,  1.45550E-02,  1.52888E-02,  1.60589E-02,  1.68629E-02,  1.76970E-02,  1.85558E-02,  1.94320E-02,  2.03157E-02,  2.11946E-02,  2.20533E-02,  2.28731E-02,  2.36326E-02,  2.43079E-02,  2.48746E-02,  2.53093E-02,  2.55928E-02,  2.57123E-02,  2.56632E-02,  2.54500E-02,  2.50854E-02,  2.45884E-02,  2.39818E-02,  2.32898E-02,  2.25357E-02,  2.17405E-02,  2.09223E-02,  2.00963E-02,  1.92743E-02,  1.84657E-02,  1.76774E-02,  1.69146E-02,  1.61807E-02,  1.54779E-02,  1.48074E-02,  1.41695E-02,  1.35640E-02,  1.29900E-02,  1.24465E-02,  1.19322E-02,  1.14455E-02,  1.09849E-02,  1.05489E-02,  1.01360E-02,  9.74455E-03,  9.37323E-03,  9.02067E-03,  8.68561E-03,  8.36688E-03,  8.06338E-03,  7.77413E-03,
  6.42162E-03,  6.66281E-03,  6.91630E-03,  7.18302E-03,  7.46395E-03,  7.76017E-03,  8.07286E-03,  8.40327E-03,  8.75272E-03,  9.12265E-03,  9.51452E-03,  9.92987E-03,  1.03702E-02,  1.08371E-02,  1.13320E-02,  1.18562E-02,  1.24109E-02,  1.29968E-02,  1.36142E-02,  1.42632E-02,  1.49426E-02,  1.56509E-02,  1.63852E-02,  1.71414E-02,  1.79140E-02,  1.86958E-02,  1.94776E-02,  2.02481E-02,  2.09938E-02,  2.16991E-02,  2.23464E-02,  2.29171E-02,  2.33926E-02,  2.37557E-02,  2.39926E-02,  2.40941E-02,  2.40570E-02,  2.38845E-02,  2.35854E-02,  2.31735E-02,  2.26657E-02,  2.20801E-02,  2.14351E-02,  2.07476E-02,  2.00330E-02,  1.93044E-02,  1.85727E-02,  1.78466E-02,  1.71330E-02,  1.64373E-02,  1.57632E-02,  1.51133E-02,  1.44895E-02,  1.38926E-02,  1.33228E-02,  1.27801E-02,  1.22637E-02,  1.17730E-02,  1.13068E-02,  1.08641E-02,  1.04436E-02,  1.00441E-02,  9.66448E-03,  9.30349E-03,  8.96000E-03,  8.63293E-03,  8.32127E-03,  8.02406E-03,  7.74042E-03,
  6.42401E-03,  6.66217E-03,  6.91216E-03,  7.17481E-03,  7.45100E-03,  7.74171E-03,  8.04794E-03,  8.37078E-03,  8.71137E-03,  9.07089E-03,  9.45056E-03,  9.85159E-03,  1.02752E-02,  1.07225E-02,  1.11947E-02,  1.16924E-02,  1.22164E-02,  1.27671E-02,  1.33442E-02,  1.39472E-02,  1.45748E-02,  1.52248E-02,  1.58942E-02,  1.65788E-02,  1.72733E-02,  1.79707E-02,  1.86627E-02,  1.93392E-02,  1.99887E-02,  2.05980E-02,  2.11530E-02,  2.16390E-02,  2.20417E-02,  2.23483E-02,  2.25486E-02,  2.26359E-02,  2.26079E-02,  2.24667E-02,  2.22190E-02,  2.18746E-02,  2.14463E-02,  2.09480E-02,  2.03939E-02,  1.97980E-02,  1.91730E-02,  1.85300E-02,  1.78789E-02,  1.72275E-02,  1.65826E-02,  1.59493E-02,  1.53315E-02,  1.47322E-02,  1.41534E-02,  1.35965E-02,  1.30622E-02,  1.25506E-02,  1.20618E-02,  1.15952E-02,  1.11502E-02,  1.07261E-02,  1.03220E-02,  9.93693E-03,  9.56998E-03,  9.22020E-03,  8.88663E-03,  8.56837E-03,  8.26455E-03,  7.97434E-03,  7.69697E-03,
  6.41696E-03,  6.65141E-03,  6.89716E-03,  7.15496E-03,  7.42559E-03,  7.70988E-03,  8.00873E-03,  8.32304E-03,  8.65378E-03,  9.00191E-03,  9.36841E-03,  9.75424E-03,  1.01603E-02,  1.05874E-02,  1.10363E-02,  1.15074E-02,  1.20011E-02,  1.25172E-02,  1.30553E-02,  1.36145E-02,  1.41930E-02,  1.47887E-02,  1.53983E-02,  1.60177E-02,  1.66419E-02,  1.72644E-02,  1.78777E-02,  1.84732E-02,  1.90407E-02,  1.95695E-02,  2.00482E-02,  2.04650E-02,  2.08090E-02,  2.10704E-02,  2.12415E-02,  2.13173E-02,  2.12962E-02,  2.11796E-02,  2.09725E-02,  2.06823E-02,  2.03185E-02,  1.98920E-02,  1.94141E-02,  1.88958E-02,  1.83479E-02,  1.77798E-02,  1.72001E-02,  1.66160E-02,  1.60336E-02,  1.54577E-02,  1.48925E-02,  1.43408E-02,  1.38050E-02,  1.32867E-02,  1.27868E-02,  1.23060E-02,  1.18445E-02,  1.14022E-02,  1.09787E-02,  1.05737E-02,  1.01865E-02,  9.81647E-03,  9.46286E-03,  9.12493E-03,  8.80194E-03,  8.49312E-03,  8.19776E-03,  7.91514E-03,  7.64459E-03,
  6.40112E-03,  6.63127E-03,  6.87217E-03,  7.12446E-03,  7.38883E-03,  7.66600E-03,  7.95672E-03,  8.26176E-03,  8.58191E-03,  8.91794E-03,  9.27063E-03,  9.64067E-03,  1.00287E-02,  1.04354E-02,  1.08610E-02,  1.13058E-02,  1.17698E-02,  1.22525E-02,  1.27533E-02,  1.32709E-02,  1.38036E-02,  1.43490E-02,  1.49038E-02,  1.54643E-02,  1.60256E-02,  1.65819E-02,  1.71266E-02,  1.76520E-02,  1.81498E-02,  1.86110E-02,  1.90261E-02,  1.93861E-02,  1.96822E-02,  1.99069E-02,  2.00544E-02,  2.01208E-02,  2.01050E-02,  2.00079E-02,  1.98333E-02,  1.95869E-02,  1.92759E-02,  1.89089E-02,  1.84947E-02,  1.80425E-02,  1.75609E-02,  1.70581E-02,  1.65415E-02,  1.60174E-02,  1.54914E-02,  1.49682E-02,  1.44515E-02,  1.39443E-02,  1.34491E-02,  1.29676E-02,  1.25009E-02,  1.20500E-02,  1.16153E-02,  1.11970E-02,  1.07951E-02,  1.04093E-02,  1.00393E-02,  9.68466E-03,  9.34481E-03,  9.01920E-03,  8.70725E-03,  8.40836E-03,  8.12192E-03,  7.84735E-03,  7.58408E-03,
  6.37716E-03,  6.60252E-03,  6.83804E-03,  7.08428E-03,  7.34183E-03,  7.61131E-03,  7.89335E-03,  8.18857E-03,  8.49760E-03,  8.82107E-03,  9.15953E-03,  9.51351E-03,  9.88344E-03,  1.02697E-02,  1.06723E-02,  1.10914E-02,  1.15266E-02,  1.19774E-02,  1.24428E-02,  1.29214E-02,  1.34115E-02,  1.39107E-02,  1.44158E-02,  1.49231E-02,  1.54284E-02,  1.59263E-02,  1.64111E-02,  1.68762E-02,  1.73144E-02,  1.77184E-02,  1.80805E-02,  1.83933E-02,  1.86500E-02,  1.88446E-02,  1.89727E-02,  1.90314E-02,  1.90196E-02,  1.89382E-02,  1.87900E-02,  1.85793E-02,  1.83118E-02,  1.79942E-02,  1.76337E-02,  1.72376E-02,  1.68131E-02,  1.63672E-02,  1.59061E-02,  1.54355E-02,  1.49603E-02,  1.44849E-02,  1.40128E-02,  1.35470E-02,  1.30897E-02,  1.26430E-02,  1.22080E-02,  1.17859E-02,  1.13773E-02,  1.09826E-02,  1.06019E-02,  1.02352E-02,  9.88246E-03,  9.54331E-03,  9.21743E-03,  8.90442E-03,  8.60383E-03,  8.31520E-03,  8.03804E-03,  7.77188E-03,  7.51623E-03,
  6.34573E-03,  6.56590E-03,  6.79561E-03,  7.03537E-03,  7.28568E-03,  7.54704E-03,  7.81998E-03,  8.10499E-03,  8.40257E-03,  8.71319E-03,  9.03725E-03,  9.37510E-03,  9.72699E-03,  1.00931E-02,  1.04733E-02,  1.08674E-02,  1.12751E-02,  1.16955E-02,  1.21276E-02,  1.25700E-02,  1.30207E-02,  1.34776E-02,  1.39375E-02,  1.43972E-02,  1.48527E-02,  1.52992E-02,  1.57317E-02,  1.61447E-02,  1.65320E-02,  1.68874E-02,  1.72048E-02,  1.74783E-02,  1.77022E-02,  1.78720E-02,  1.79841E-02,  1.80362E-02,  1.80276E-02,  1.79588E-02,  1.78321E-02,  1.76508E-02,  1.74195E-02,  1.71433E-02,  1.68281E-02,  1.64798E-02,  1.61046E-02,  1.57081E-02,  1.52958E-02,  1.48727E-02,  1.44432E-02,  1.40111E-02,  1.35798E-02,  1.31520E-02,  1.27302E-02,  1.23161E-02,  1.19112E-02,  1.15165E-02,  1.11330E-02,  1.07611E-02,  1.04012E-02,  1.00534E-02,  9.71773E-03,  9.39407E-03,  9.08222E-03,  8.78193E-03,  8.49288E-03,  8.21472E-03,  7.94708E-03,  7.68958E-03,  7.44181E-03,
  6.30748E-03,  6.52212E-03,  6.74570E-03,  6.97865E-03,  7.22139E-03,  7.47432E-03,  7.73788E-03,  8.01244E-03,  8.29840E-03,  8.59606E-03,  8.90572E-03,  9.22756E-03,  9.56170E-03,  9.90811E-03,  1.02666E-02,  1.06369E-02,  1.10183E-02,  1.14100E-02,  1.18110E-02,  1.22197E-02,  1.26343E-02,  1.30525E-02,  1.34717E-02,  1.38886E-02,  1.42998E-02,  1.47011E-02,  1.50880E-02,  1.54558E-02,  1.57993E-02,  1.61135E-02,  1.63931E-02,  1.66334E-02,  1.68299E-02,  1.69789E-02,  1.70776E-02,  1.71242E-02,  1.71181E-02,  1.70597E-02,  1.69507E-02,  1.67938E-02,  1.65926E-02,  1.63512E-02,  1.60744E-02,  1.57672E-02,  1.54344E-02,  1.50810E-02,  1.47117E-02,  1.43307E-02,  1.39420E-02,  1.35490E-02,  1.31549E-02,  1.27621E-02,  1.23731E-02,  1.19895E-02,  1.16128E-02,  1.12443E-02,  1.08848E-02,  1.05349E-02,  1.01951E-02,  9.86569E-03,  9.54680E-03,  9.23844E-03,  8.94056E-03,  8.65298E-03,  8.37553E-03,  8.10794E-03,  7.84995E-03,  7.60126E-03,  7.36156E-03,
  6.26305E-03,  6.47190E-03,  6.68910E-03,  6.91499E-03,  7.14993E-03,  7.39424E-03,  7.64825E-03,  7.91226E-03,  8.18653E-03,  8.47128E-03,  8.76667E-03,  9.07278E-03,  9.38959E-03,  9.71696E-03,  1.00546E-02,  1.04020E-02,  1.07586E-02,  1.11235E-02,  1.14954E-02,  1.18729E-02,  1.22544E-02,  1.26375E-02,  1.30198E-02,  1.33986E-02,  1.37704E-02,  1.41318E-02,  1.44789E-02,  1.48075E-02,  1.51134E-02,  1.53922E-02,  1.56397E-02,  1.58519E-02,  1.60252E-02,  1.61568E-02,  1.62442E-02,  1.62861E-02,  1.62818E-02,  1.62319E-02,  1.61377E-02,  1.60012E-02,  1.58252E-02,  1.56134E-02,  1.53693E-02,  1.50972E-02,  1.48012E-02,  1.44854E-02,  1.41539E-02,  1.38102E-02,  1.34580E-02,  1.31003E-02,  1.27399E-02,  1.23793E-02,  1.20205E-02,  1.16653E-02,  1.13151E-02,  1.09712E-02,  1.06345E-02,  1.03056E-02,  9.98525E-03,  9.67367E-03,  9.37115E-03,  9.07781E-03,  8.79368E-03,  8.51871E-03,  8.25281E-03,  7.99581E-03,  7.74752E-03,  7.50773E-03,  7.27620E-03,
  6.21303E-03,  6.41591E-03,  6.62654E-03,  6.84521E-03,  7.07221E-03,  7.30779E-03,  7.55219E-03,  7.80563E-03,  8.06828E-03,  8.34027E-03,  8.62166E-03,  8.91242E-03,  9.21244E-03,  9.52148E-03,  9.83917E-03,  1.01650E-02,  1.04982E-02,  1.08379E-02,  1.11828E-02,  1.15317E-02,  1.18828E-02,  1.22340E-02,  1.25832E-02,  1.29277E-02,  1.32646E-02,  1.35908E-02,  1.39030E-02,  1.41975E-02,  1.44708E-02,  1.47192E-02,  1.49392E-02,  1.51275E-02,  1.52812E-02,  1.53979E-02,  1.54757E-02,  1.55135E-02,  1.55108E-02,  1.54680E-02,  1.53860E-02,  1.52666E-02,  1.51121E-02,  1.49253E-02,  1.47093E-02,  1.44675E-02,  1.42034E-02,  1.39205E-02,  1.36221E-02,  1.33116E-02,  1.29920E-02,  1.26661E-02,  1.23363E-02,  1.20050E-02,  1.16741E-02,  1.13452E-02,  1.10197E-02,  1.06990E-02,  1.03838E-02,  1.00750E-02,  9.77316E-03,  9.47876E-03,  9.19210E-03,  8.91338E-03,  8.64273E-03,  8.38017E-03,  8.12569E-03,  7.87920E-03,  7.64059E-03,  7.40970E-03,  7.18638E-03,
  6.15803E-03,  6.35479E-03,  6.55873E-03,  6.77009E-03,  6.98908E-03,  7.21590E-03,  7.45071E-03,  7.69367E-03,  7.94485E-03,  8.20432E-03,  8.47204E-03,  8.74792E-03,  9.03177E-03,  9.32327E-03,  9.62200E-03,  9.92737E-03,  1.02386E-02,  1.05548E-02,  1.08749E-02,  1.11974E-02,  1.15207E-02,  1.18430E-02,  1.21623E-02,  1.24762E-02,  1.27821E-02,  1.30772E-02,  1.33587E-02,  1.36235E-02,  1.38685E-02,  1.40906E-02,  1.42869E-02,  1.44548E-02,  1.45917E-02,  1.46957E-02,  1.47653E-02,  1.47996E-02,  1.47981E-02,  1.47611E-02,  1.46895E-02,  1.45846E-02,  1.44483E-02,  1.42829E-02,  1.40910E-02,  1.38754E-02,  1.36390E-02,  1.33849E-02,  1.31159E-02,  1.28348E-02,  1.25443E-02,  1.22470E-02,  1.19450E-02,  1.16404E-02,  1.13350E-02,  1.10305E-02,  1.07280E-02,  1.04289E-02,  1.01340E-02,  9.84424E-03,  9.56012E-03,  9.28219E-03,  9.01081E-03,  8.74626E-03,  8.48873E-03,  8.23831E-03,  7.99505E-03,  7.75893E-03,  7.52991E-03,  7.30788E-03,  7.09275E-03,
  6.09858E-03,  6.28915E-03,  6.48635E-03,  6.69036E-03,  6.90134E-03,  7.11943E-03,  7.34475E-03,  7.57736E-03,  7.81731E-03,  8.06456E-03,  8.31904E-03,  8.58057E-03,  8.84891E-03,  9.12370E-03,  9.40447E-03,  9.69059E-03,  9.98132E-03,  1.02757E-02,  1.05727E-02,  1.08710E-02,  1.11690E-02,  1.14652E-02,  1.17575E-02,  1.20439E-02,  1.23222E-02,  1.25898E-02,  1.28443E-02,  1.30830E-02,  1.33034E-02,  1.35027E-02,  1.36787E-02,  1.38289E-02,  1.39514E-02,  1.40445E-02,  1.41070E-02,  1.41382E-02,  1.41376E-02,  1.41055E-02,  1.40427E-02,  1.39501E-02,  1.38294E-02,  1.36824E-02,  1.35113E-02,  1.33184E-02,  1.31063E-02,  1.28774E-02,  1.26342E-02,  1.23793E-02,  1.21149E-02,  1.18433E-02,  1.15664E-02,  1.12862E-02,  1.10043E-02,  1.07222E-02,  1.04411E-02,  1.01622E-02,  9.88641E-03,  9.61453E-03,  9.34723E-03,  9.08501E-03,  8.82830E-03,  8.57742E-03,  8.33259E-03,  8.09398E-03,  7.86169E-03,  7.63575E-03,  7.41616E-03,  7.20290E-03,  6.99589E-03,
