  1.02947E-04,  1.68412E-04,  2.40591E-04,  3.19962E-04,  4.07009E-04,  5.02222E-04,  6.06088E-04,  7.19083E-04,  8.41666E-04,  9.74267E-04,  1.11727E-03,  1.27102E-03,  1.43577E-03,  1.61169E-03,  1.79886E-03,  1.99721E-03,  2.20654E-03,  2.42647E-03,  2.65639E-03,  2.89552E-03,  3.14278E-03,  3.39684E-03,  3.65605E-03,  3.91846E-03,  4.18175E-03,  4.44329E-03,  4.70012E-03,  4.94898E-03,  5.18634E-03,  5.40853E-03,  5.61180E-03,  5.79246E-03,  5.94704E-03,  6.07244E-03,  6.16610E-03,  6.22613E-03,  6.25140E-03,  6.24164E-03,  6.19744E-03,  6.12020E-03,  6.01205E-03,  5.87573E-03,  5.71443E-03,  5.53165E-03,  5.33100E-03,  5.11615E-03,  4.89062E-03,  4.65773E-03,  4.42055E-03,  4.18181E-03,  3.94393E-03,  3.70899E-03,  3.47874E-03,  3.25460E-03,  3.03774E-03,  2.82904E-03,  2.62916E-03,  2.43855E-03,  2.25749E-03,  2.08611E-03,  1.92441E-03,  1.77230E-03,  1.62957E-03,  1.49599E-03,  1.37125E-03,  1.25499E-03,  1.14685E-03,  1.04644E-03,  9.53350E-04,
  9.99409E-05,  1.67538E-04,  2.42324E-04,  3.24843E-04,  4.15653E-04,  5.15323E-04,  6.24425E-04,  7.43529E-04,  8.73192E-04,  1.01394E-03,  1.16628E-03,  1.33065E-03,  1.50742E-03,  1.69688E-03,  1.89921E-03,  2.11443E-03,  2.34245E-03,  2.58294E-03,  2.83538E-03,  3.09900E-03,  3.37272E-03,  3.65516E-03,  3.94459E-03,  4.23887E-03,  4.53546E-03,  4.83140E-03,  5.12330E-03,  5.40735E-03,  5.67940E-03,  5.93503E-03,  6.16966E-03,  6.37875E-03,  6.55795E-03,  6.70337E-03,  6.81174E-03,  6.88064E-03,  6.90865E-03,  6.89542E-03,  6.84171E-03,  6.74932E-03,  6.62100E-03,  6.46021E-03,  6.27097E-03,  6.05763E-03,  5.82466E-03,  5.57648E-03,  5.31731E-03,  5.05108E-03,  4.78133E-03,  4.51118E-03,  4.24335E-03,  3.98010E-03,  3.72332E-03,  3.47451E-03,  3.23484E-03,  3.00518E-03,  2.78614E-03,  2.57810E-03,  2.38125E-03,  2.19562E-03,  2.02112E-03,  1.85753E-03,  1.70457E-03,  1.56187E-03,  1.42903E-03,  1.30562E-03,  1.19116E-03,  1.08519E-03,  9.87217E-04,
  9.47941E-05,  1.64367E-04,  2.41615E-04,  3.27155E-04,  4.21624E-04,  5.25681E-04,  6.39994E-04,  7.65238E-04,  9.02079E-04,  1.05117E-03,  1.21313E-03,  1.38853E-03,  1.57788E-03,  1.78161E-03,  2.00001E-03,  2.23327E-03,  2.48138E-03,  2.74414E-03,  3.02113E-03,  3.31162E-03,  3.61459E-03,  3.92863E-03,  4.25194E-03,  4.58225E-03,  4.91679E-03,  5.25226E-03,  5.58479E-03,  5.90998E-03,  6.22291E-03,  6.51825E-03,  6.79043E-03,  7.03377E-03,  7.24282E-03,  7.41260E-03,  7.53890E-03,  7.61862E-03,  7.64988E-03,  7.63227E-03,  7.56677E-03,  7.45574E-03,  7.30273E-03,  7.11219E-03,  6.88921E-03,  6.63926E-03,  6.36786E-03,  6.08039E-03,  5.78191E-03,  5.47703E-03,  5.16985E-03,  4.86392E-03,  4.56222E-03,  4.26723E-03,  3.98092E-03,  3.70485E-03,  3.44016E-03,  3.18767E-03,  2.94790E-03,  2.72112E-03,  2.50740E-03,  2.30665E-03,  2.11863E-03,  1.94301E-03,  1.77937E-03,  1.62723E-03,  1.48606E-03,  1.35531E-03,  1.23443E-03,  1.12283E-03,  1.01995E-03,
  8.72953E-05,  1.58646E-04,  2.38164E-04,  3.26544E-04,  4.24514E-04,  5.32827E-04,  6.52261E-04,  7.83605E-04,  9.27654E-04,  1.08520E-03,  1.25700E-03,  1.44378E-03,  1.64621E-03,  1.86488E-03,  2.10025E-03,  2.35267E-03,  2.62229E-03,  2.90907E-03,  3.21270E-03,  3.53259E-03,  3.86777E-03,  4.21690E-03,  4.57814E-03,  4.94912E-03,  5.32687E-03,  5.70776E-03,  6.08744E-03,  6.46081E-03,  6.82210E-03,  7.16488E-03,  7.48228E-03,  7.76722E-03,  8.01275E-03,  8.21247E-03,  8.36089E-03,  8.45392E-03,  8.48913E-03,  8.46594E-03,  8.38569E-03,  8.25152E-03,  8.06804E-03,  7.84104E-03,  7.57708E-03,  7.28302E-03,  6.96575E-03,  6.63182E-03,  6.28730E-03,  5.93759E-03,  5.58740E-03,  5.24071E-03,  4.90078E-03,  4.57026E-03,  4.25119E-03,  3.94509E-03,  3.65306E-03,  3.37579E-03,  3.11367E-03,  2.86684E-03,  2.63519E-03,  2.41847E-03,  2.21627E-03,  2.02811E-03,  1.85341E-03,  1.69154E-03,  1.54185E-03,  1.40365E-03,  1.27627E-03,  1.15902E-03,  1.05125E-03,
  7.72347E-05,  1.50117E-04,  2.31659E-04,  3.22642E-04,  4.23888E-04,  5.36257E-04,  6.60644E-04,  7.97969E-04,  9.49171E-04,  1.11519E-03,  1.29696E-03,  1.49538E-03,  1.71131E-03,  1.94552E-03,  2.19868E-03,  2.47135E-03,  2.76387E-03,  3.07640E-03,  3.40883E-03,  3.76071E-03,  4.13125E-03,  4.51919E-03,  4.92274E-03,  5.33952E-03,  5.76640E-03,  6.19947E-03,  6.63388E-03,  7.06384E-03,  7.48253E-03,  7.88224E-03,  8.25450E-03,  8.59038E-03,  8.88097E-03,  9.11788E-03,  9.29390E-03,  9.40355E-03,  9.44357E-03,  9.41324E-03,  9.31435E-03,  9.15111E-03,  8.92968E-03,  8.65767E-03,  8.34355E-03,  7.99607E-03,  7.62380E-03,  7.23479E-03,  6.83626E-03,  6.43453E-03,  6.03494E-03,  5.64189E-03,  5.25892E-03,  4.88874E-03,  4.53341E-03,  4.19438E-03,  3.87258E-03,  3.56856E-03,  3.28250E-03,  3.01432E-03,  2.76372E-03,  2.53023E-03,  2.31326E-03,  2.11211E-03,  1.92603E-03,  1.75422E-03,  1.59588E-03,  1.45017E-03,  1.31628E-03,  1.19343E-03,  1.08082E-03,
  6.44078E-05,  1.38524E-04,  2.21789E-04,  3.15070E-04,  4.19294E-04,  5.35436E-04,  6.64520E-04,  8.07610E-04,  9.65804E-04,  1.14022E-03,  1.33197E-03,  1.54217E-03,  1.77189E-03,  2.02213E-03,  2.29381E-03,  2.58772E-03,  2.90446E-03,  3.24444E-03,  3.60780E-03,  3.99433E-03,  4.40346E-03,  4.83413E-03,  5.28471E-03,  5.75287E-03,  6.23546E-03,  6.72837E-03,  7.22633E-03,  7.72280E-03,  8.20988E-03,  8.67829E-03,  9.11758E-03,  9.51642E-03,  9.86323E-03,  1.01469E-02,  1.03579E-02,  1.04885E-02,  1.05346E-02,  1.04950E-02,  1.03722E-02,  1.01721E-02,  9.90285E-03,  9.57473E-03,  9.19876E-03,  8.78618E-03,  8.34773E-03,  7.89323E-03,  7.43128E-03,  6.96918E-03,  6.51292E-03,  6.06730E-03,  5.63599E-03,  5.22174E-03,  4.82649E-03,  4.45149E-03,  4.09748E-03,  3.76472E-03,  3.45314E-03,  3.16239E-03,  2.89190E-03,  2.64093E-03,  2.40867E-03,  2.19417E-03,  1.99649E-03,  1.81462E-03,  1.64757E-03,  1.49436E-03,  1.35403E-03,  1.22566E-03,  1.10834E-03,
  4.86212E-05,  1.23620E-04,  2.08239E-04,  3.03442E-04,  4.10263E-04,  5.29803E-04,  6.63225E-04,  8.11751E-04,  9.76655E-04,  1.15925E-03,  1.36086E-03,  1.58284E-03,  1.82649E-03,  2.09311E-03,  2.38388E-03,  2.69988E-03,  3.04204E-03,  3.41106E-03,  3.80741E-03,  4.23122E-03,  4.68221E-03,  5.15964E-03,  5.66216E-03,  6.18768E-03,  6.73318E-03,  7.29453E-03,  7.86616E-03,  8.44090E-03,  9.00967E-03,  9.56142E-03,  1.00832E-02,  1.05607E-02,  1.09785E-02,  1.13219E-02,  1.15777E-02,  1.17354E-02,  1.17890E-02,  1.17372E-02,  1.15834E-02,  1.13357E-02,  1.10057E-02,  1.06069E-02,  1.01541E-02,  9.66169E-03,  9.14326E-03,  8.61074E-03,  8.07429E-03,  7.54223E-03,  7.02115E-03,  6.51609E-03,  6.03076E-03,  5.56775E-03,  5.12877E-03,  4.71476E-03,  4.32609E-03,  3.96268E-03,  3.62411E-03,  3.30966E-03,  3.01845E-03,  2.74942E-03,  2.50146E-03,  2.27338E-03,  2.06397E-03,  1.87201E-03,  1.69630E-03,  1.53569E-03,  1.38906E-03,  1.25533E-03,  1.13348E-03,
  2.96989E-05,  1.05169E-04,  1.90706E-04,  2.87375E-04,  3.96322E-04,  5.18780E-04,  6.56064E-04,  8.09567E-04,  9.80754E-04,  1.17115E-03,  1.38233E-03,  1.61590E-03,  1.87346E-03,  2.15660E-03,  2.46683E-03,  2.80559E-03,  3.17417E-03,  3.57366E-03,  4.00491E-03,  4.46847E-03,  4.96450E-03,  5.49271E-03,  6.05219E-03,  6.64130E-03,  7.25742E-03,  7.89665E-03,  8.55345E-03,  9.22019E-03,  9.88674E-03,  1.05401E-02,  1.11643E-02,  1.17409E-02,  1.22498E-02,  1.26706E-02,  1.29848E-02,  1.31780E-02,  1.32414E-02,  1.31731E-02,  1.29783E-02,  1.26685E-02,  1.22598E-02,  1.17711E-02,  1.12219E-02,  1.06312E-02,  1.00158E-02,  9.39022E-03,  8.76632E-03,  8.15338E-03,  7.55841E-03,  6.98649E-03,  6.44112E-03,  5.92455E-03,  5.43800E-03,  4.98196E-03,  4.55631E-03,  4.16049E-03,  3.79359E-03,  3.45449E-03,  3.14189E-03,  2.85438E-03,  2.59048E-03,  2.34871E-03,  2.12758E-03,  1.92562E-03,  1.74142E-03,  1.57361E-03,  1.42089E-03,  1.28204E-03,  1.15590E-03,
  7.48986E-06,  8.29578E-05,  1.68905E-04,  2.66496E-04,  3.76998E-04,  5.01781E-04,  6.42319E-04,  8.00190E-04,  9.77067E-04,  1.17471E-03,  1.39497E-03,  1.63973E-03,  1.91092E-03,  2.21047E-03,  2.54030E-03,  2.90222E-03,  3.29796E-03,  3.72907E-03,  4.19687E-03,  4.70242E-03,  5.24645E-03,  5.82925E-03,  6.45058E-03,  7.10953E-03,  7.80421E-03,  8.53144E-03,  9.28616E-03,  1.00608E-02,  1.08444E-02,  1.16221E-02,  1.23745E-02,  1.30778E-02,  1.37049E-02,  1.42278E-02,  1.46200E-02,  1.48606E-02,  1.49367E-02,  1.48458E-02,  1.45957E-02,  1.42032E-02,  1.36915E-02,  1.30868E-02,  1.24158E-02,  1.17031E-02,  1.09698E-02,  1.02332E-02,  9.50693E-03,  8.80089E-03,  8.12218E-03,  7.47557E-03,  6.86400E-03,  6.28903E-03,  5.75121E-03,  5.25032E-03,  4.78557E-03,  4.35577E-03,  3.95946E-03,  3.59498E-03,  3.26054E-03,  2.95431E-03,  2.67443E-03,  2.41905E-03,  2.18637E-03,  1.97465E-03,  1.78222E-03,  1.60751E-03,  1.44904E-03,  1.30540E-03,  1.17530E-03,
 -1.81234E-05,  5.68057E-05,  1.42577E-04,  2.40457E-04,  3.51834E-04,  4.78221E-04,  6.21259E-04,  7.82721E-04,  9.64505E-04,  1.16863E-03,  1.39723E-03,  1.65251E-03,  1.93678E-03,  2.25235E-03,  2.60157E-03,  2.98672E-03,  3.41002E-03,  3.87354E-03,  4.37916E-03,  4.92856E-03,  5.52312E-03,  6.16390E-03,  6.85157E-03,  7.58625E-03,  8.36728E-03,  9.19282E-03,  1.00591E-02,  1.09595E-02,  1.18831E-02,  1.28135E-02,  1.37275E-02,  1.45946E-02,  1.53781E-02,  1.60384E-02,  1.65369E-02,  1.68422E-02,  1.69352E-02,  1.68124E-02,  1.64859E-02,  1.59810E-02,  1.53319E-02,  1.45760E-02,  1.37495E-02,  1.28847E-02,  1.20078E-02,  1.11392E-02,  1.02935E-02,  9.48103E-03,  8.70821E-03,  7.97892E-03,  7.29505E-03,  6.65711E-03,  6.06460E-03,  5.51636E-03,  5.01072E-03,  4.54574E-03,  4.11925E-03,  3.72895E-03,  3.37251E-03,  3.04760E-03,  2.75190E-03,  2.48319E-03,  2.23931E-03,  2.01822E-03,  1.81800E-03,  1.63683E-03,  1.47302E-03,  1.32501E-03,  1.19135E-03,
 -4.72148E-05,  2.65744E-05,  1.11505E-04,  2.08944E-04,  3.20402E-04,  4.47535E-04,  5.92160E-04,  7.56249E-04,  9.41941E-04,  1.15153E-03,  1.38745E-03,  1.65230E-03,  1.94874E-03,  2.27957E-03,  2.64759E-03,  3.05562E-03,  3.50643E-03,  4.00268E-03,  4.54689E-03,  5.14142E-03,  5.78843E-03,  6.48988E-03,  7.24754E-03,  8.06297E-03,  8.93730E-03,  9.87090E-03,  1.08625E-02,  1.19080E-02,  1.29981E-02,  1.41162E-02,  1.52354E-02,  1.63171E-02,  1.73114E-02,NA,NA,NA,NA,NA,  1.87155E-02,  1.80543E-02,  1.72185E-02,  1.62623E-02,  1.52358E-02,  1.41808E-02,  1.31293E-02,  1.21042E-02,  1.11205E-02,  1.01874E-02,  9.31000E-03,  8.49032E-03,  7.72853E-03,  7.02355E-03,  6.37348E-03,  5.77590E-03,  5.22811E-03,  4.72719E-03,  4.27015E-03,  3.85399E-03,  3.47572E-03,  3.13245E-03,  2.82139E-03,  2.53986E-03,  2.28535E-03,  2.05548E-03,  1.84804E-03,  1.66097E-03,  1.49237E-03,  1.34051E-03,  1.20376E-03,
 -7.98038E-05, -7.81904E-06,  7.55270E-05,  1.71698E-04,  2.82321E-04,  4.09199E-04,  5.54320E-04,  7.19869E-04,  9.08228E-04,  1.12198E-03,  1.36391E-03,  1.63698E-03,  1.94432E-03,  2.28919E-03,  2.67494E-03,  3.10499E-03,  3.58270E-03,  4.11141E-03,  4.69434E-03,  5.33457E-03,  6.03509E-03,  6.79885E-03,  7.62891E-03,  8.52852E-03,  9.50126E-03,  1.05508E-02,  1.16801E-02,  1.28900E-02,  1.41759E-02,  1.55238E-02,NA,NA,NA,NA,NA,NA,NA,NA,NA,NA,NA,  1.81702E-02,  1.68843E-02,  1.55911E-02,  1.43282E-02,  1.31192E-02,  1.19778E-02,  1.09102E-02,  9.91838E-03,  9.00148E-03,  8.15707E-03,  7.38188E-03,  6.67218E-03,  6.02405E-03,  5.43348E-03,  4.89645E-03,  4.40904E-03,  3.96742E-03,  3.56790E-03,  3.20697E-03,  2.88130E-03,  2.58775E-03,  2.32340E-03,  2.08553E-03,  1.87162E-03,  1.67937E-03,  1.50666E-03,  1.35155E-03,  1.21230E-03,
 -1.15843E-04, -4.63877E-05,  3.45519E-05,  1.28528E-04,  2.37279E-04,  3.62747E-04,  5.07093E-04,  6.72708E-04,  8.62229E-04,  1.07854E-03,  1.32478E-03,  1.60434E-03,  1.92080E-03,  2.27799E-03,  2.67984E-03,  3.13041E-03,  3.63377E-03,  4.19396E-03,  4.81494E-03,  5.50055E-03,  6.25459E-03,  7.08097E-03,  7.98398E-03,  8.96880E-03,  1.00419E-02,  1.12114E-02,  1.24868E-02,  1.38776E-02,NA,NA,NA,NA,NA,NA,NA,NA,NA,NA,NA,NA,NA,NA,NA,  1.71066E-02,  1.55899E-02,  1.41683E-02,  1.28499E-02,  1.16353E-02,  1.05210E-02,  9.50178E-03,  8.57158E-03,  7.72435E-03,  6.95412E-03,  6.25518E-03,  5.62204E-03,  5.04947E-03,  4.53249E-03,  4.06637E-03,  3.64666E-03,  3.26917E-03,  2.93001E-03,  2.62553E-03,  2.35239E-03,  2.10752E-03,  1.88808E-03,  1.69151E-03,  1.51547E-03,  1.35786E-03,  1.21674E-03,
 -1.55207E-04, -8.90598E-05, -1.14213E-05,  7.93379E-05,  1.85057E-04,  3.07806E-04,  4.49909E-04,  6.13962E-04,  8.02852E-04,  1.01977E-03,  1.26823E-03,  1.55205E-03,  1.87534E-03,  2.24249E-03,  2.65812E-03,  3.12699E-03,  3.65394E-03,  4.24379E-03,  4.90126E-03,  5.63091E-03,  6.43726E-03,  7.32493E-03,  8.29924E-03,  9.36696E-03,  1.05375E-02,  1.18245E-02,NA,NA,NA,NA,NA,NA,NA,NA,NA,NA,NA,NA,NA,NA,NA,NA,NA,NA,NA,  1.52257E-02,  1.37144E-02,  1.23438E-02,  1.11022E-02,  9.97823E-03,  8.96131E-03,  8.04199E-03,  7.21179E-03,  6.46300E-03,  5.78853E-03,  5.18184E-03,  4.63682E-03,  4.14780E-03,  3.70949E-03,  3.31701E-03,  2.96585E-03,  2.65187E-03,  2.37128E-03,  2.12063E-03,  1.89679E-03,  1.69693E-03,  1.51850E-03,  1.35919E-03,  1.21696E-03,
 -1.97674E-04, -1.35661E-04, -6.22840E-05,  2.41476E-05,  1.25556E-04,  2.44124E-04,  3.82321E-04,  5.42934E-04,  7.29093E-04,  9.44295E-04,  1.19242E-03,  1.47775E-03,  1.80493E-03,  2.17900E-03,  2.60528E-03,  3.08935E-03,  3.63689E-03,  4.25358E-03,  4.94493E-03,  5.71618E-03,  6.57233E-03,  7.51833E-03,  8.55975E-03,  9.70409E-03,  1.09629E-02,NA,NA,NA,NA,NA,NA,NA,NA,NA,NA,NA,NA,NA,NA,NA,NA,NA,NA,NA,NA,NA,  1.45406E-02,  1.30115E-02,  1.16429E-02,  1.04156E-02,  9.31396E-03,  8.32477E-03,  7.43691E-03,  6.64065E-03,  5.92728E-03,  5.28888E-03,  4.71819E-03,  4.20855E-03,  3.75384E-03,  3.34844E-03,  2.98722E-03,  2.66552E-03,  2.37910E-03,  2.12415E-03,  1.89723E-03,  1.69526E-03,  1.51548E-03,  1.35542E-03,  1.21289E-03,
 -2.42918E-04, -1.85899E-04, -1.17796E-04, -3.68802E-05,  5.88311E-05,  1.71608E-04,  3.04042E-04,  4.59088E-04,  6.40095E-04,  8.50849E-04,  1.09560E-03,  1.37907E-03,  1.70650E-03,  2.08359E-03,  2.51646E-03,  3.01158E-03,  3.57558E-03,  4.21512E-03,  4.93658E-03,  5.74583E-03,  6.64809E-03,  7.64795E-03,  8.75006E-03,  9.96067E-03,  1.12909E-02,NA,NA,NA,NA,NA,NA,NA,NA,NA,NA,NA,NA,NA,NA,NA,NA,NA,NA,NA,NA,NA,NA,  1.36096E-02,  1.21212E-02,  1.07971E-02,  9.61615E-03,  8.56186E-03,  7.62064E-03,  6.78088E-03,  6.03232E-03,  5.36570E-03,  4.77264E-03,  4.24547E-03,  3.77720E-03,  3.36149E-03,  2.99259E-03,  2.66531E-03,  2.37499E-03,  2.11746E-03,  1.88898E-03,  1.68624E-03,  1.50628E-03,  1.34649E-03,  1.20454E-03,
 -2.90492E-04, -2.39344E-04, -1.77564E-04, -1.03412E-04, -1.48759E-05,  9.03685E-05,  2.15001E-04,  3.62104E-04,  5.35214E-04,  7.38370E-04,  9.76161E-04,  1.25377E-03,  1.57699E-03,  1.95224E-03,  2.38650E-03,  2.88724E-03,  3.46222E-03,  4.11921E-03,  4.86564E-03,  5.70807E-03,  6.65172E-03,  7.70010E-03,  8.85520E-03,  1.01189E-02,NA,NA,NA,NA,NA,NA,NA,NA,NA,NA,NA,NA,NA,NA,NA,NA,NA,NA,NA,NA,NA,NA,NA,  1.41068E-02,  1.25143E-02,  1.11050E-02,  9.85395E-03,  8.74200E-03,  7.75378E-03,  6.87617E-03,  6.09752E-03,  5.40738E-03,  4.79623E-03,  4.25543E-03,  3.77715E-03,  3.35433E-03,  2.98060E-03,  2.65027E-03,  2.35828E-03,  2.10012E-03,  1.87179E-03,  1.66976E-03,  1.49090E-03,  1.33248E-03,  1.19206E-03,
 -3.39812E-04, -2.95410E-04, -2.41017E-04, -1.74914E-04, -9.50983E-05,  7.65185E-07,  1.15395E-04,  2.51953E-04,  4.14104E-04,  6.06088E-04,  8.32786E-04,  1.09979E-03,  1.41344E-03,  1.78088E-03,  2.21001E-03,  2.70942E-03,  3.28816E-03,  3.95543E-03,  4.72000E-03,  5.58941E-03,  6.56892E-03,  7.66042E-03,  8.86145E-03,NA,NA,NA,NA,NA,NA,NA,NA,NA,NA,NA,NA,NA,NA,NA,NA,NA,NA,NA,NA,NA,NA,NA,NA,NA,  1.27997E-02,  1.13222E-02,  1.00135E-02,  8.85387E-03,  7.82703E-03,  6.91890E-03,  6.11675E-03,  5.40901E-03,  4.78513E-03,  4.23550E-03,  3.75149E-03,  3.32533E-03,  2.95010E-03,  2.61963E-03,  2.32850E-03,  2.07189E-03,  1.84558E-03,  1.64587E-03,  1.46949E-03,  1.31360E-03,  1.17571E-03,
 -3.90151E-04, -3.53344E-04, -3.07386E-04, -2.50623E-04, -1.81106E-04, -9.65449E-05,  5.75756E-06,  1.28970E-04,  2.76812E-04,  4.53641E-04,  6.64550E-04,  9.15456E-04,  1.21320E-03,  1.56560E-03,  1.98152E-03,  2.47075E-03,  3.04390E-03,  3.71195E-03,  4.48553E-03,  5.37382E-03,  6.38279E-03,  7.51285E-03,NA,NA,NA,NA,NA,NA,NA,NA,NA,NA,NA,NA,NA,NA,NA,NA,NA,NA,NA,NA,NA,NA,NA,NA,NA,NA,  1.29584E-02,  1.14331E-02,  1.00818E-02,  8.88636E-03,  7.83114E-03,  6.90154E-03,  6.08400E-03,  5.36592E-03,  4.73577E-03,  4.18305E-03,  3.69833E-03,  3.27323E-03,  2.90028E-03,  2.57295E-03,  2.28546E-03,  2.03279E-03,  1.81053E-03,  1.61484E-03,  1.44238E-03,  1.29024E-03,  1.15588E-03,
 -4.40626E-04, -4.12204E-04, -3.75684E-04, -3.29518E-04, -2.71870E-04, -2.00555E-04, -1.12979E-04, -6.05411E-06,  1.23891E-04,  2.81218E-04,  4.71101E-04,  6.99662E-04,  9.74107E-04,  1.30286E-03,  1.69568E-03,  2.16365E-03,  2.71911E-03,  3.37528E-03,  4.14546E-03,  5.04160E-03,  6.07189E-03,NA,NA,NA,NA,NA,NA,NA,NA,NA,NA,NA,NA,NA,NA,NA,NA,NA,NA,NA,NA,NA,NA,NA,NA,NA,NA,NA,NA,  1.14242E-02,  1.00462E-02,  8.82858E-03,  7.75695E-03,  6.81669E-03,  5.99347E-03,  5.27375E-03,  4.64499E-03,  4.09587E-03,  3.61625E-03,  3.19717E-03,  2.83076E-03,  2.51015E-03,  2.22934E-03,  1.98315E-03,  1.76707E-03,  1.57718E-03,  1.41012E-03,  1.26294E-03,  1.13312E-03,
 -4.90194E-04, -4.70859E-04, -4.44689E-04, -4.10298E-04, -3.66022E-04, -3.09861E-04, -2.39413E-04, -1.51782E-04, -4.34782E-05,  8.97110E-05,  2.52869E-04,  4.52123E-04,  6.94846E-04,  9.89867E-04,  1.34768E-03,  1.78061E-03,  2.30286E-03,  2.93031E-03,  3.67986E-03,  4.56790E-03,NA,NA,NA,NA,NA,NA,NA,NA,NA,NA,NA,NA,NA,NA,NA,NA,NA,NA,NA,NA,NA,NA,NA,NA,NA,NA,NA,NA,NA,  1.12836E-02,  9.89461E-03,  8.66950E-03,  7.59532E-03,  6.65717E-03,  5.83984E-03,  5.12869E-03,  4.51025E-03,  3.97241E-03,  3.50442E-03,  3.09689E-03,  2.74165E-03,  2.43163E-03,  2.16072E-03,  1.92367E-03,  1.71595E-03,  1.53366E-03,  1.37346E-03,  1.23246E-03,  1.10815E-03,
 -5.37651E-04, -5.27975E-04, -5.12936E-04, -4.91363E-04, -4.61832E-04, -4.22616E-04, -3.71609E-04, -3.06241E-04, -2.23361E-04, -1.19104E-04,  1.12904E-05,  1.73683E-04,  3.75301E-04,  6.25039E-04,  9.33808E-04,  1.31489E-03,  1.78426E-03,  2.36070E-03,  3.06555E-03,NA,NA,NA,NA,NA,NA,NA,NA,NA,NA,NA,NA,NA,NA,NA,NA,NA,NA,NA,NA,NA,NA,NA,NA,NA,NA,NA,NA,NA,NA,NA,  9.61349E-03,  8.39741E-03,  7.33697E-03,  6.41616E-03,  5.61836E-03,  4.92774E-03,  4.32986E-03,  3.81195E-03,  3.36283E-03,  2.97285E-03,  2.63373E-03,  2.33835E-03,  2.08065E-03,  1.85544E-03,  1.65827E-03,  1.48535E-03,  1.33343E-03,  1.19973E-03,  1.08186E-03,
 -5.81635E-04, -5.82023E-04, -5.78713E-04, -5.70804E-04, -5.57187E-04, -5.36498E-04, -5.07048E-04, -4.66738E-04, -4.12948E-04, -3.42392E-04, -2.50933E-04, -1.33337E-04,  1.70414E-05,  2.08652E-04,  4.52249E-04,  7.61484E-04,  1.15358E-03,  1.64999E-03,NA,NA,NA,NA,NA,NA,NA,NA,NA,NA,NA,NA,NA,NA,NA,NA,NA,NA,NA,NA,NA,NA,NA,NA,NA,NA,NA,NA,NA,NA,NA,NA,  9.18618E-03,  7.99923E-03,  6.97253E-03,  6.08745E-03,  5.32536E-03,  4.66906E-03,  4.10331E-03,  3.61488E-03,  3.19245E-03,  2.82639E-03,  2.50851E-03,  2.23192E-03,  1.99074E-03,  1.78001E-03,  1.59550E-03,  1.43361E-03,  1.29130E-03,  1.16593E-03,  1.05528E-03,
 -6.20641E-04, -6.31289E-04, -6.40069E-04, -6.46408E-04, -6.49586E-04, -6.48695E-04, -6.42586E-04, -6.29796E-04, -6.08443E-04, -5.76097E-04, -5.29591E-04, -4.64769E-04, -3.76143E-04, -2.56422E-04, -9.58813E-05,  1.18477E-04,  4.04008E-04,  7.83761E-04,NA,NA,NA,NA,NA,NA,NA,NA,NA,NA,NA,NA,NA,NA,NA,NA,NA,NA,NA,NA,NA,NA,NA,NA,NA,NA,NA,NA,NA,NA,NA,NA,NA,  7.46055E-03,  6.49304E-03,  5.66613E-03,  4.95878E-03,  4.35254E-03,  3.83170E-03,  3.38305E-03,  2.99552E-03,  2.65989E-03,  2.36842E-03,  2.11467E-03,  1.89320E-03,  1.69943E-03,  1.52951E-03,  1.38016E-03,  1.24859E-03,  1.13243E-03,  1.02966E-03,
 -6.53039E-04, -6.73890E-04, -6.94834E-04, -7.15675E-04, -7.36150E-04, -7.55902E-04, -7.74447E-04, -7.91119E-04, -8.04999E-04, -8.14805E-04, -8.18739E-04, -8.14250E-04, -7.97704E-04, -7.63893E-04, -7.05318E-04, -6.11166E-04, -4.65849E-04,NA,NA,NA,NA,NA,NA,NA,NA,NA,NA,NA,NA,NA,NA,NA,NA,NA,NA,NA,NA,NA,NA,NA,NA,NA,NA,NA,NA,NA,NA,NA,NA,NA,NA,NA,  5.89130E-03,  5.14977E-03,  4.51912E-03,  3.98040E-03,  3.51821E-03,  3.12004E-03,  2.77573E-03,  2.47695E-03,  2.21684E-03,  1.98972E-03,  1.79085E-03,  1.61626E-03,  1.46258E-03,  1.32699E-03,  1.20708E-03,  1.10079E-03,  1.00636E-03,
 -6.77100E-04, -7.07810E-04, -7.40652E-04, -7.75852E-04, -8.13663E-04, -8.54364E-04, -8.98246E-04, -9.45601E-04, -9.96690E-04, -1.05168E-03, -1.11055E-03, -1.17294E-03, -1.23786E-03, -1.30326E-03, -1.36538E-03, -1.41764E-03, -1.44896E-03,NA,NA,NA,NA,NA,NA,NA,NA,NA,NA,NA,NA,NA,NA,NA,NA,NA,NA,NA,NA,NA,NA,NA,NA,NA,NA,NA,NA,NA,NA,NA,NA,NA,NA,NA,  5.16432E-03,  4.54008E-03,  4.01066E-03,  3.55810E-03,  3.16864E-03,  2.83158E-03,  2.53847E-03,  2.28251E-03,  2.05821E-03,  1.86103E-03,  1.68719E-03,  1.53353E-03,  1.39737E-03,  1.27644E-03,  1.16879E-03,  1.07276E-03,  9.86911E-04,
 -6.91038E-04, -7.30941E-04, -7.75031E-04, -8.23989E-04, -8.78630E-04, -9.39930E-04, -1.00906E-03, -1.08739E-03, -1.17657E-03, -1.27848E-03, -1.39529E-03, -1.52939E-03, -1.68325E-03, -1.85919E-03, -2.05887E-03, -2.28239E-03,NA,NA,NA,NA,NA,NA,NA,NA,NA,NA,NA,NA,NA,NA,NA,NA,NA,NA,NA,NA,NA,NA,NA,NA,NA,NA,NA,NA,NA,NA,NA,NA,NA,NA,NA,NA,NA,  3.84516E-03,  3.44275E-03,  3.09508E-03,  2.79194E-03,  2.52581E-03,  2.29097E-03,  2.08293E-03,  1.89805E-03,  1.73335E-03,  1.58631E-03,  1.45478E-03,  1.33690E-03,  1.23109E-03,  1.13595E-03,  1.05026E-03,  9.72945E-04,
 -6.93050E-04, -7.41133E-04, -7.95405E-04, -8.57013E-04, -9.27360E-04, -1.00816E-03, -1.10152E-03, -1.21001E-03, -1.33679E-03, -1.48570E-03, -1.66142E-03, -1.86959E-03, -2.11693E-03, -2.41124E-03, -2.76136E-03, -3.17664E-03,NA,NA,NA,NA,NA,NA,NA,NA,NA,NA,NA,NA,NA,NA,NA,NA,NA,NA,NA,NA,NA,NA,NA,NA,NA,NA,NA,NA,NA,NA,NA,NA,NA,NA,NA,NA,NA,  3.08165E-03,  2.83117E-03,  2.60556E-03,  2.40054E-03,  2.21344E-03,  2.04238E-03,  1.88594E-03,  1.74291E-03,  1.61223E-03,  1.49288E-03,  1.38394E-03,  1.28451E-03,  1.19376E-03,  1.11093E-03,  1.03528E-03,  9.66168E-04,
 -6.81370E-04, -7.36263E-04, -7.99210E-04, -8.71821E-04, -9.56086E-04, -1.05447E-03, -1.17003E-03, -1.30658E-03, -1.46886E-03, -1.66283E-03, -1.89590E-03, -2.17733E-03, -2.51865E-03, -2.93412E-03, -3.44121E-03,NA,NA,NA,NA,NA,NA,NA,NA,NA,NA,NA,NA,NA,NA,NA,NA,NA,NA,NA,NA,NA,NA,NA,NA,NA,NA,NA,NA,NA,NA,NA,NA,NA,NA,NA,NA,NA,NA,NA,  2.19888E-03,  2.10878E-03,  2.01045E-03,  1.90770E-03,  1.80362E-03,  1.70058E-03,  1.60025E-03,  1.50382E-03,  1.41202E-03,  1.32526E-03,  1.24372E-03,  1.16740E-03,  1.09620E-03,  1.02992E-03,  9.68322E-04,
 -6.54329E-04, -7.14303E-04, -7.83974E-04, -8.65390E-04, -9.61096E-04, -1.07427E-03, -1.20891E-03, -1.37003E-03, -1.56398E-03, -1.79880E-03, -2.08473E-03, -2.43479E-03, -2.86564E-03, -3.39852E-03, -4.06057E-03,NA,NA,NA,NA,NA,NA,NA,NA,NA,NA,NA,NA,NA,NA,NA,NA,NA,NA,NA,NA,NA,NA,NA,NA,NA,NA,NA,NA,NA,NA,NA,NA,NA,NA,NA,NA,NA,NA,NA,  1.57613E-03,  1.62888E-03,  1.64094E-03,  1.62406E-03,  1.58714E-03,  1.53688E-03,  1.47821E-03,  1.41476E-03,  1.34914E-03,  1.28318E-03,  1.21818E-03,  1.15502E-03,  1.09425E-03,  1.03622E-03,  9.81127E-04,
 -6.10414E-04, -6.73395E-04, -7.47413E-04, -8.34897E-04, -9.38888E-04, -1.06321E-03, -1.21270E-03, -1.39350E-03, -1.61342E-03, -1.88250E-03, -2.21364E-03, -2.62352E-03, -3.13383E-03, -3.77281E-03, -4.57745E-03,NA,NA,NA,NA,NA,NA,NA,NA,NA,NA,NA,NA,NA,NA,NA,NA,NA,NA,NA,NA,NA,NA,NA,NA,NA,NA,NA,NA,NA,NA,NA,NA,NA,NA,NA,NA,NA,NA,NA,  9.99353E-04,  1.19393E-03,  1.31383E-03,  1.37956E-03,  1.40636E-03,  1.40549E-03,  1.38528E-03,  1.35186E-03,  1.30973E-03,  1.26215E-03,  1.21153E-03,  1.15957E-03,  1.10751E-03,  1.05620E-03,  1.00623E-03,
 -5.48332E-04, -6.11936E-04, -6.87529E-04, -7.77847E-04, -8.86334E-04, -1.01735E-03, -1.17642E-03, -1.37062E-03, -1.60904E-03, -1.90340E-03, -2.26894E-03, -2.72557E-03, -3.29944E-03, -4.02515E-03, -4.94877E-03,NA,NA,NA,NA,NA,NA,NA,NA,NA,NA,NA,NA,NA,NA,NA,NA,NA,NA,NA,NA,NA,NA,NA,NA,NA,NA,NA,NA,NA,NA,NA,NA,NA,NA,NA,NA,NA,NA,NA,  5.08986E-04,  8.34303E-04,  1.05217E-03,  1.19192E-03,  1.27500E-03,  1.31714E-03,  1.32991E-03,  1.32181E-03,  1.29912E-03,  1.26645E-03,  1.22720E-03,  1.18385E-03,  1.13824E-03,  1.09169E-03,  1.04514E-03,
 -4.67065E-04, -5.28646E-04, -6.02708E-04, -6.92198E-04, -8.00840E-04, -9.33366E-04, -1.09582E-03, -1.29595E-03, -1.54377E-03, -1.85229E-03, -2.23852E-03, -2.72481E-03, -3.34085E-03, -4.12622E-03, -5.13423E-03,NA,NA,NA,NA,NA,NA,NA,NA,NA,NA,NA,NA,NA,NA,NA,NA,NA,NA,NA,NA,NA,NA,NA,NA,NA,NA,NA,NA,NA,NA,NA,NA,NA,NA,NA,NA,NA,NA,NA,  1.46175E-04,  5.80392E-04,  8.78728E-04,  1.07836E-03,  1.20625E-03,  1.28201E-03,  1.32001E-03,  1.33083E-03,  1.32223E-03,  1.29997E-03,  1.26830E-03,  1.23035E-03,  1.18845E-03,  1.14430E-03,  1.09915E-03,
 -3.65930E-04, -4.22639E-04, -4.91807E-04, -5.76474E-04, -6.80500E-04, -8.08804E-04, -9.67690E-04, -1.16528E-03, -1.41211E-03, -1.72190E-03, -2.11268E-03, -2.60828E-03, -3.24046E-03, -4.05188E-03, -5.10037E-03,NA,NA,NA,NA,NA,NA,NA,NA,NA,NA,NA,NA,NA,NA,NA,NA,NA,NA,NA,NA,NA,NA,NA,NA,NA,NA,NA,NA,NA,NA,NA,NA,NA,NA,NA,NA,NA,NA,NA, -5.11016E-05,  4.59957E-04,  8.14067E-04,  1.05433E-03,  1.21181E-03,  1.30906E-03,  1.36252E-03,  1.38429E-03,  1.38326E-03,  1.36602E-03,  1.33744E-03,  1.30113E-03,  1.25978E-03,  1.21536E-03,  1.16933E-03,
 -2.44617E-04, -2.93482E-04, -3.54227E-04, -4.29862E-04, -5.24217E-04, -6.42187E-04, -7.90069E-04, -9.75994E-04, -1.21053E-03, -1.50748E-03, -1.88503E-03, -2.36727E-03, -2.98639E-03, -3.78572E-03, -4.82419E-03,NA,NA,NA,NA,NA,NA,NA,NA,NA,NA,NA,NA,NA,NA,NA,NA,NA,NA,NA,NA,NA,NA,NA,NA,NA,NA,NA,NA,NA,NA,NA,NA,NA,NA,NA,NA,NA,NA,NA, -5.19710E-05,  4.95503E-04,  8.74810E-04,  1.13223E-03,  1.30106E-03,  1.40541E-03,  1.46288E-03,  1.48640E-03,  1.48546E-03,  1.46712E-03,  1.43659E-03,  1.39773E-03,  1.35343E-03,  1.30580E-03,  1.25641E-03,
 -1.03222E-04, -1.41230E-04, -1.89970E-04, -2.52284E-04, -3.31800E-04, -4.33173E-04, -5.62399E-04, -7.27237E-04, -9.37786E-04, -1.20726E-03, -1.55306E-03, -1.99825E-03, -2.57365E-03, -3.32075E-03, -4.29590E-03,NA,NA,NA,NA,NA,NA,NA,NA,NA,NA,NA,NA,NA,NA,NA,NA,NA,NA,NA,NA,NA,NA,NA,NA,NA,NA,NA,NA,NA,NA,NA,NA,NA,NA,NA,NA,NA,NA,NA,  1.64003E-04,  7.02027E-04,  1.07207E-03,  1.32037E-03,  1.48021E-03,  1.57576E-03,  1.62466E-03,  1.63986E-03,  1.63090E-03,  1.60485E-03,  1.56695E-03,  1.52107E-03,  1.47009E-03,  1.41613E-03,  1.36077E-03,
  5.77352E-05,  3.35431E-05,  3.34926E-07, -4.44319E-05, -1.04017E-04, -1.82612E-04, -2.85630E-04, -4.20084E-04, -5.95107E-04, -8.22647E-04, -1.11842E-03, -1.50324E-03, -2.00482E-03, -2.66035E-03, -3.52012E-03,NA,NA,NA,NA,NA,NA,NA,NA,NA,NA,NA,NA,NA,NA,NA,NA,NA,NA,NA,NA,NA,NA,NA,NA,NA,NA,NA,NA,NA,NA,NA,NA,NA,NA,NA,NA,NA,NA,NA,  6.04618E-04,  1.08550E-03,  1.41038E-03,  1.62215E-03,  1.75184E-03,  1.82203E-03,  1.84926E-03,  1.84569E-03,  1.82029E-03,  1.77971E-03,  1.72885E-03,  1.67134E-03,  1.60988E-03,  1.54641E-03,  1.48240E-03,
  2.37309E-04,  2.29750E-04,  2.15428E-04,  1.92222E-04,  1.57401E-04,  1.07438E-04,  3.77689E-05, -5.75320E-05, -1.86179E-04, -3.58256E-04, -5.86995E-04, -8.89844E-04, -1.28993E-03, -1.81806E-03, -2.51555E-03,NA,NA,NA,NA,NA,NA,NA,NA,NA,NA,NA,NA,NA,NA,NA,NA,NA,NA,NA,NA,NA,NA,NA,NA,NA,NA,NA,NA,NA,NA,NA,NA,NA,NA,NA,NA,NA,NA,NA,  1.26429E-03,  1.64226E-03,  1.88723E-03,  2.03578E-03,  2.11456E-03,  2.14310E-03,  2.13575E-03,  2.10309E-03,  2.05293E-03,  1.99105E-03,  1.92171E-03,  1.84803E-03,  1.77230E-03,  1.69619E-03,  1.62089E-03,
  4.34143E-04,  4.45805E-04,  4.53439E-04,  4.55458E-04,  4.49798E-04,  4.33772E-04,  4.03887E-04,  3.55598E-04,  2.82981E-04,  1.78312E-04,  3.14867E-05, -1.70731E-04, -4.45734E-04, -8.16441E-04, -1.31314E-03,NA,NA,NA,NA,NA,NA,NA,NA,NA,NA,NA,NA,NA,NA,NA,NA,NA,NA,NA,NA,NA,NA,NA,NA,NA,NA,NA,NA,NA,NA,NA,NA,NA,NA,NA,NA,NA,NA,NA,  2.12474E-03,  2.35938E-03,  2.49324E-03,  2.55426E-03,  2.56306E-03,  2.53484E-03,  2.48086E-03,  2.40942E-03,  2.32666E-03,  2.23710E-03,  2.14402E-03,  2.04984E-03,  1.95626E-03,  1.86451E-03,  1.77542E-03,
  6.46506E-04,  6.79663E-04,  7.11942E-04,  7.42376E-04,  7.69678E-04,  7.92142E-04,  8.07519E-04,  8.12862E-04,  8.04318E-04,  7.76865E-04,  7.23974E-04,  6.37176E-04,  5.05504E-04,  3.14805E-04,  4.68682E-05,NA,NA,NA,NA,NA,NA,NA,NA,NA,NA,NA,NA,NA,NA,NA,NA,NA,NA,NA,NA,NA,NA,NA,NA,NA,NA,NA,NA,NA,NA,NA,NA,NA,NA,NA,NA,NA,NA,NA,  3.15698E-03,  3.21583E-03,  3.21286E-03,  3.16592E-03,  3.08840E-03,  2.99031E-03,  2.87911E-03,  2.76031E-03,  2.63794E-03,  2.51494E-03,  2.39340E-03,  2.27479E-03,  2.16009E-03,  2.04996E-03,  1.94477E-03,
  8.72327E-04,  9.28877E-04,  9.88023E-04,  1.04948E-03,  1.11283E-03,  1.17742E-03,  1.24238E-03,  1.30649E-03,  1.36813E-03,  1.42517E-03,  1.47489E-03,  1.51381E-03,  1.53765E-03,  1.54121E-03,  1.51844E-03,NA,NA,NA,NA,NA,NA,NA,NA,NA,NA,NA,NA,NA,NA,NA,NA,NA,NA,NA,NA,NA,NA,NA,NA,NA,NA,NA,NA,NA,NA,NA,NA,NA,NA,NA,NA,NA,NA,  4.43605E-03,  4.32403E-03,  4.18429E-03,  4.02562E-03,  3.85517E-03,  3.67857E-03,  3.50013E-03,  3.32310E-03,  3.14983E-03,  2.98199E-03,  2.82069E-03,  2.66663E-03,  2.52021E-03,  2.38156E-03,  2.25066E-03,  2.12735E-03,
  1.10926E-03,  1.19067E-03,  1.27837E-03,  1.37282E-03,  1.47447E-03,  1.58381E-03,  1.70137E-03,  1.82773E-03,  1.96353E-03,  2.10961E-03,  2.26700E-03,  2.43721E-03,  2.62241E-03,  2.82601E-03,  3.05333E-03,  3.31291E-03,NA,NA,NA,NA,NA,NA,NA,NA,NA,NA,NA,NA,NA,NA,NA,NA,NA,NA,NA,NA,NA,NA,NA,NA,NA,NA,NA,NA,NA,NA,NA,NA,NA,NA,NA,NA,NA,  5.96539E-03,  5.58407E-03,  5.23325E-03,  4.90751E-03,  4.60353E-03,  4.31918E-03,  4.05299E-03,  3.80384E-03,  3.57079E-03,  3.35298E-03,  3.14960E-03,  2.95983E-03,  2.78288E-03,  2.61798E-03,  2.46436E-03,  2.32128E-03,
  1.35475E-03,  1.46201E-03,  1.57940E-03,  1.70808E-03,  1.84942E-03,  2.00504E-03,  2.17687E-03,  2.36722E-03,  2.57900E-03,  2.81582E-03,  3.08235E-03,  3.38471E-03,  3.73103E-03,  4.13243E-03,  4.60424E-03,  5.16797E-03,NA,NA,NA,NA,NA,NA,NA,NA,NA,NA,NA,NA,NA,NA,NA,NA,NA,NA,NA,NA,NA,NA,NA,NA,NA,NA,NA,NA,NA,NA,NA,NA,NA,NA,NA,NA,NA,  7.54343E-03,  6.89345E-03,  6.32919E-03,  5.83259E-03,  5.39076E-03,  4.99432E-03,  4.63627E-03,  4.31126E-03,  4.01507E-03,  3.74434E-03,  3.49628E-03,  3.26854E-03,  3.05913E-03,  2.86628E-03,  2.68848E-03,  2.52436E-03,
  1.60609E-03,  1.73973E-03,  1.88732E-03,  2.05077E-03,  2.23231E-03,  2.43464E-03,  2.66101E-03,  2.91541E-03,  3.20280E-03,  3.52939E-03,  3.90310E-03,  4.33411E-03,  4.83577E-03,  5.42568E-03,  6.12741E-03,  6.97277E-03,  8.00512E-03,NA,NA,NA,NA,NA,NA,NA,NA,NA,NA,NA,NA,NA,NA,NA,NA,NA,NA,NA,NA,NA,NA,NA,NA,NA,NA,NA,NA,NA,NA,NA,NA,NA,NA,NA,  1.01959E-02,  9.11555E-03,  8.20945E-03,  7.43859E-03,  6.77446E-03,  6.19597E-03,  5.68737E-03,  5.23666E-03,  4.83461E-03,  4.47397E-03,  4.14896E-03,  3.85491E-03,  3.58797E-03,  3.34494E-03,  3.12313E-03,  2.92022E-03,  2.73423E-03,
  1.86053E-03,  2.02056E-03,  2.19831E-03,  2.39634E-03,  2.61770E-03,  2.86610E-03,  3.14601E-03,  3.46289E-03,  3.82355E-03,  4.23645E-03,  4.71228E-03,  5.26467E-03,  5.91114E-03,  6.67447E-03,  7.58445E-03,  8.68041E-03,  1.00145E-02,NA,NA,NA,NA,NA,NA,NA,NA,NA,NA,NA,NA,NA,NA,NA,NA,NA,NA,NA,NA,NA,NA,NA,NA,NA,NA,NA,NA,NA,NA,NA,NA,NA,NA,NA,  1.19982E-02,  1.06324E-02,  9.49248E-03,  8.52974E-03,  7.70767E-03,  6.99871E-03,  6.38181E-03,  5.84079E-03,  5.36303E-03,  4.93858E-03,  4.55952E-03,  4.21944E-03,  3.91309E-03,  3.63615E-03,  3.38500E-03,  3.15661E-03,  2.94838E-03,
  2.11529E-03,  2.30129E-03,  2.50857E-03,  2.74032E-03,  3.00033E-03,  3.29318E-03,  3.62439E-03,  4.00075E-03,  4.43056E-03,  4.92416E-03,  5.49447E-03,  6.15780E-03,  6.93482E-03,  7.85203E-03,  8.94351E-03,  1.02533E-02,  1.18387E-02,  1.37742E-02,NA,NA,NA,NA,NA,NA,NA,NA,NA,NA,NA,NA,NA,NA,NA,NA,NA,NA,NA,NA,NA,NA,NA,NA,NA,NA,NA,NA,NA,NA,NA,NA,NA,NA,  1.36613E-02,  1.20519E-02,  1.07078E-02,  9.57408E-03,  8.60887E-03,  7.77984E-03,  7.06199E-03,  6.43580E-03,  5.88593E-03,  5.40018E-03,  4.96879E-03,  4.58384E-03,  4.23886E-03,  3.92851E-03,  3.64834E-03,  3.39464E-03,  3.16425E-03,
  2.36771E-03,  2.57878E-03,  2.81446E-03,  3.07845E-03,  3.37519E-03,  3.70999E-03,  4.08926E-03,  4.52081E-03,  5.01418E-03,  5.58113E-03,  6.23624E-03,  6.99768E-03,  7.88827E-03,  8.93682E-03,  1.01798E-02,  1.16636E-02,  1.34474E-02,  1.56064E-02,NA,NA,NA,NA,NA,NA,NA,NA,NA,NA,NA,NA,NA,NA,NA,NA,NA,NA,NA,NA,NA,NA,NA,NA,NA,NA,NA,NA,NA,NA,NA,NA,NA,NA,  1.51464E-02,  1.33403E-02,  1.18265E-02,  1.05473E-02,  9.45766E-03,  8.52236E-03,  7.71371E-03,  7.00987E-03,  6.39345E-03,  5.85052E-03,  5.36986E-03,  4.94232E-03,  4.56039E-03,  4.21788E-03,  3.90964E-03,  3.63132E-03,  3.37927E-03,
  2.61521E-03,  2.85010E-03,  3.11258E-03,  3.40680E-03,  3.73771E-03,  4.11122E-03,  4.53443E-03,  5.01591E-03,  5.56610E-03,  6.19772E-03,  6.92644E-03,  7.77156E-03,  8.75703E-03,  9.91269E-03,  1.12758E-02,  1.28928E-02,  1.48222E-02,  1.71368E-02,NA,NA,NA,NA,NA,NA,NA,NA,NA,NA,NA,NA,NA,NA,NA,NA,NA,NA,NA,NA,NA,NA,NA,NA,NA,NA,NA,NA,NA,NA,NA,NA,NA,  1.87608E-02,  1.64266E-02,  1.44727E-02,  1.28265E-02,  1.14300E-02,  1.02373E-02,  9.21188E-03,  8.32473E-03,  7.55259E-03,  6.87675E-03,  6.28211E-03,  5.75636E-03,  5.28945E-03,  4.87308E-03,  4.50035E-03,  4.16552E-03,  3.86376E-03,  3.59098E-03,
  2.85546E-03,  3.11255E-03,  3.39983E-03,  3.72182E-03,  4.08384E-03,  4.49223E-03,  4.95458E-03,  5.47999E-03,  6.07942E-03,  6.76618E-03,  7.55642E-03,  8.46991E-03,  9.53083E-03,  1.07689E-02,  1.22207E-02,  1.39313E-02,  1.59560E-02,  1.83629E-02,NA,NA,NA,NA,NA,NA,NA,NA,NA,NA,NA,NA,NA,NA,NA,NA,NA,NA,NA,NA,NA,NA,NA,NA,NA,NA,NA,NA,NA,NA,NA,NA,NA,  1.99204E-02,  1.74865E-02,  1.54335E-02,  1.36925E-02,  1.22080E-02,  1.09349E-02,  9.83701E-03,  8.88504E-03,  8.05523E-03,  7.32828E-03,  6.68840E-03,  6.12267E-03,  5.62040E-03,  5.17274E-03,  4.77230E-03,  4.41288E-03,  4.08927E-03,  3.79703E-03,
  3.08631E-03,  3.36371E-03,  3.67350E-03,  4.02043E-03,  4.41010E-03,  4.84913E-03,  5.34538E-03,  5.90821E-03,  6.54884E-03,  7.28072E-03,  8.12005E-03,  9.08638E-03,  1.02034E-02,  1.14998E-02,  1.30103E-02,  1.47772E-02,  1.68513E-02,  1.92939E-02,  2.21784E-02,NA,NA,NA,NA,NA,NA,NA,NA,NA,NA,NA,NA,NA,NA,NA,NA,NA,NA,NA,NA,NA,NA,NA,NA,NA,NA,NA,NA,NA,NA,NA,NA,  2.07980E-02,  1.83217E-02,  1.62153E-02,  1.44160E-02,  1.28723E-02,  1.15418E-02,  1.03895E-02,  9.38706E-03,  8.51096E-03,  7.74192E-03,  7.06400E-03,  6.46401E-03,  5.93097E-03,  5.45571E-03,  5.03052E-03,  4.64891E-03,  4.30539E-03,  3.99527E-03,
  3.30590E-03,  3.60151E-03,  3.93127E-03,  4.30007E-03,  4.71367E-03,  5.17881E-03,  5.70344E-03,  6.29697E-03,  6.97057E-03,  7.73750E-03,  8.61356E-03,  9.61762E-03,  1.07722E-02,  1.21043E-02,  1.36459E-02,  1.54354E-02,  1.75183E-02,  1.99481E-02,  2.27875E-02,NA,NA,NA,NA,NA,NA,NA,NA,NA,NA,NA,NA,NA,NA,NA,NA,NA,NA,NA,NA,NA,NA,NA,NA,NA,NA,NA,NA,NA,NA,NA,  2.42883E-02,  2.14055E-02,  1.89372E-02,  1.68185E-02,  1.49946E-02,  1.34190E-02,  1.20530E-02,  1.08642E-02,  9.82566E-03,  8.91485E-03,  8.11307E-03,  7.40466E-03,  6.77654E-03,  6.21771E-03,  5.71889E-03,  5.27226E-03,  4.87116E-03,  4.50996E-03,  4.18379E-03,
  3.51264E-03,  3.82421E-03,  4.17124E-03,  4.55870E-03,  4.99235E-03,  5.47894E-03,  6.02636E-03,  6.64385E-03,  7.34229E-03,  8.13447E-03,  9.03544E-03,  1.00630E-02,  1.12380E-02,  1.25852E-02,  1.41334E-02,  1.59165E-02,  1.79739E-02,  2.03510E-02,  2.30996E-02,  2.62782E-02,NA,NA,NA,NA,NA,NA,NA,NA,NA,NA,NA,NA,NA,NA,NA,NA,NA,NA,NA,NA,NA,NA,NA,NA,NA,NA,NA,NA,NA,NA,  2.45593E-02,  2.17640E-02,  1.93455E-02,  1.72501E-02,  1.54312E-02,  1.38484E-02,  1.24674E-02,  1.12589E-02,  1.01980E-02,  9.26382E-03,  8.43860E-03,  7.70736E-03,  7.05739E-03,  6.47792E-03,  5.95981E-03,  5.49525E-03,  5.07759E-03,  4.70112E-03,  4.36093E-03,
  3.70526E-03,  4.03043E-03,  4.39196E-03,  4.79477E-03,  5.24458E-03,  5.74799E-03,  6.31269E-03,  6.94758E-03,  7.66306E-03,  8.47121E-03,  9.38611E-03,  1.04241E-02,  1.16042E-02,  1.29485E-02,  1.44823E-02,  1.62348E-02,  1.82391E-02,  2.05325E-02,  2.31565E-02,  2.61561E-02,NA,NA,NA,NA,NA,NA,NA,NA,NA,NA,NA,NA,NA,NA,NA,NA,NA,NA,NA,NA,NA,NA,NA,NA,NA,NA,NA,NA,NA,  2.76246E-02,  2.45718E-02,  2.19009E-02,  1.95653E-02,  1.75222E-02,  1.57333E-02,  1.41647E-02,  1.27868E-02,  1.15737E-02,  1.05034E-02,  9.55654E-03,  8.71683E-03,  7.97020E-03,  7.30460E-03,  6.70969E-03,  6.17662E-03,  5.69776E-03,  5.26657E-03,  4.87738E-03,  4.52530E-03,
  3.88276E-03,  4.21915E-03,  4.59239E-03,  5.00729E-03,  5.46941E-03,  5.98513E-03,  6.56180E-03,  7.20788E-03,  7.93312E-03,  8.74873E-03,  9.66761E-03,  1.07046E-02,  1.18765E-02,  1.32026E-02,  1.47048E-02,  1.64074E-02,  1.83376E-02,  2.05251E-02,  2.30015E-02,  2.58002E-02,  2.89546E-02,NA,NA,NA,NA,NA,NA,NA,NA,NA,NA,NA,NA,NA,NA,NA,NA,NA,NA,NA,NA,NA,NA,NA,NA,NA,NA,NA,  3.04259E-02,  2.72171E-02,  2.43690E-02,  2.18476E-02,  1.96188E-02,  1.76501E-02,  1.59114E-02,  1.43747E-02,  1.30154E-02,  1.18113E-02,  1.07429E-02,  9.79319E-03,  8.94733E-03,  8.19237E-03,  7.51711E-03,  6.91182E-03,  6.36807E-03,  5.87854E-03,  5.43687E-03,  5.03756E-03,  4.67579E-03,
  4.04442E-03,  4.38968E-03,  4.77188E-03,  5.19569E-03,  5.66642E-03,  6.19016E-03,  6.77384E-03,  7.42535E-03,  8.15371E-03,  8.96916E-03,  9.88330E-03,  1.09093E-02,  1.20618E-02,  1.33575E-02,  1.48145E-02,  1.64529E-02,  1.82942E-02,  2.03611E-02,  2.26771E-02,  2.52652E-02,  2.81470E-02,  3.13408E-02,NA,NA,NA,NA,NA,NA,NA,NA,NA,NA,NA,NA,NA,NA,NA,NA,NA,NA,NA,NA,NA,NA,NA,NA,NA,  3.27957E-02,  2.95541E-02,  2.66260E-02,  2.39938E-02,  2.16362E-02,  1.95300E-02,  1.76517E-02,  1.59781E-02,  1.44875E-02,  1.31594E-02,  1.19755E-02,  1.09191E-02,  9.97525E-03,  9.13076E-03,  8.37399E-03,  7.69467E-03,  7.08380E-03,  6.53348E-03,  6.03680E-03,  5.58769E-03,  5.18084E-03,  4.81161E-03,
  4.18981E-03,  4.54164E-03,  4.93017E-03,  5.35984E-03,  5.83571E-03,  6.36347E-03,  6.94959E-03,  7.60133E-03,  8.32690E-03,  9.13551E-03,  1.00375E-02,  1.10442E-02,  1.21684E-02,  1.34240E-02,  1.48258E-02,  1.63899E-02,  1.81329E-02,  2.00716E-02,  2.22222E-02,  2.45998E-02,  2.72166E-02,  3.00809E-02,  3.31952E-02,NA,NA,NA,NA,NA,NA,NA,NA,NA,NA,NA,NA,NA,NA,NA,NA,NA,NA,NA,NA,NA,NA,NA,  3.46053E-02,  3.14580E-02,  2.85570E-02,  2.59020E-02,  2.34862E-02,  2.12980E-02,  1.93230E-02,  1.75451E-02,  1.59474E-02,  1.45131E-02,  1.32264E-02,  1.20719E-02,  1.10357E-02,  1.01052E-02,  9.26873E-03,  8.51598E-03,  7.83771E-03,  7.22572E-03,  6.67270E-03,  6.17222E-03,  5.71857E-03,  5.30671E-03,  4.93220E-03,
  4.31875E-03,  4.67495E-03,  5.06730E-03,  5.50000E-03,  5.97777E-03,  6.50591E-03,  7.09035E-03,  7.73771E-03,  8.45536E-03,  9.25148E-03,  1.01351E-02,  1.11159E-02,  1.22048E-02,  1.34131E-02,  1.47528E-02,  1.62364E-02,  1.78763E-02,  1.96842E-02,  2.16711E-02,  2.38454E-02,  2.62127E-02,  2.87741E-02,  3.15254E-02,  3.44560E-02,NA,NA,NA,NA,NA,NA,NA,NA,NA,NA,NA,NA,NA,NA,NA,NA,NA,NA,NA,NA,NA,NA,  3.28478E-02,  3.00751E-02,  2.74865E-02,  2.50884E-02,  2.28816E-02,  2.08615E-02,  1.90205E-02,  1.73482E-02,  1.58329E-02,  1.44624E-02,  1.32242E-02,  1.21063E-02,  1.10973E-02,  1.01863E-02,  9.36351E-03,  8.61989E-03,  7.94724E-03,  7.33816E-03,  6.78601E-03,  6.28487E-03,  5.82943E-03,  5.41496E-03,  5.03726E-03,
  4.43127E-03,  4.78977E-03,  5.18361E-03,  5.61672E-03,  6.09346E-03,  6.61871E-03,  7.19785E-03,  7.83683E-03,  8.54221E-03,  9.32112E-03,  1.01813E-02,  1.11312E-02,  1.21796E-02,  1.33357E-02,  1.46091E-02,  1.60090E-02,  1.75445E-02,  1.92235E-02,  2.10524E-02,  2.30353E-02,  2.51729E-02,  2.74620E-02,  2.98944E-02,  3.24567E-02,NA,NA,NA,NA,NA,NA,NA,NA,NA,NA,NA,NA,NA,NA,NA,NA,NA,NA,NA,NA,NA,  3.37016E-02,  3.11358E-02,  2.86906E-02,  2.63818E-02,  2.42198E-02,  2.22095E-02,  2.03516E-02,  1.86428E-02,  1.70775E-02,  1.56481E-02,  1.43458E-02,  1.31613E-02,  1.20854E-02,  1.11086E-02,  1.02223E-02,  9.41792E-03,  8.68780E-03,  8.02473E-03,  7.42214E-03,  6.87408E-03,  6.37514E-03,  5.92046E-03,  5.50564E-03,  5.12675E-03,
  4.52761E-03,  4.88650E-03,  5.27969E-03,  5.71083E-03,  6.18393E-03,  6.70341E-03,  7.27411E-03,  7.90133E-03,  8.59081E-03,  9.34875E-03,  1.01818E-02,  1.10968E-02,  1.21011E-02,  1.32020E-02,  1.44069E-02,  1.57225E-02,  1.71551E-02,  1.87096E-02,  2.03893E-02,  2.21950E-02,  2.41245E-02,  2.61720E-02,  2.83276E-02,  3.05772E-02,  3.29026E-02,NA,NA,NA,NA,NA,NA,NA,NA,NA,NA,NA,NA,NA,NA,NA,NA,NA,NA,NA,NA,  3.17421E-02,  2.94951E-02,  2.73327E-02,  2.52712E-02,  2.33224E-02,  2.14938E-02,  1.97889E-02,  1.82078E-02,  1.67481E-02,  1.54052E-02,  1.41734E-02,  1.30459E-02,  1.20155E-02,  1.10750E-02,  1.02172E-02,  9.43511E-03,  8.72210E-03,  8.07199E-03,  7.47903E-03,  6.93789E-03,  6.44373E-03,  5.99212E-03,  5.57902E-03,  5.20080E-03,
  4.60817E-03,  4.96569E-03,  5.35631E-03,  5.78338E-03,  6.25053E-03,  6.76175E-03,  7.32135E-03,  7.93400E-03,  8.60469E-03,  9.33871E-03,  1.01416E-02,  1.10192E-02,  1.19772E-02,  1.30215E-02,  1.41573E-02,  1.53898E-02,  1.67228E-02,  1.81591E-02,  1.96997E-02,  2.13434E-02,  2.30861E-02,  2.49210E-02,  2.68374E-02,  2.88219E-02,  3.08577E-02,NA,NA,NA,NA,NA,NA,NA,NA,NA,NA,NA,NA,NA,NA,NA,NA,NA,NA,NA,  3.19339E-02,  2.99151E-02,  2.79369E-02,  2.60178E-02,  2.41733E-02,  2.24153E-02,  2.07526E-02,  1.91902E-02,  1.77303E-02,  1.63728E-02,  1.51155E-02,  1.39546E-02,  1.28856E-02,  1.19032E-02,  1.10016E-02,  1.01753E-02,  9.41841E-03,  8.72545E-03,  8.09112E-03,  7.51041E-03,  6.97866E-03,  6.49155E-03,  6.04508E-03,  5.63560E-03,  5.25976E-03,
  4.67349E-03,  5.02807E-03,  5.41441E-03,  5.83554E-03,  6.29476E-03,  6.79561E-03,  7.34192E-03,  7.93774E-03,  8.58736E-03,  9.29529E-03,  1.00661E-02,  1.09046E-02,  1.18152E-02,  1.28024E-02,  1.38702E-02,  1.50218E-02,  1.62598E-02,  1.75851E-02,  1.89972E-02,  2.04937E-02,  2.20697E-02,  2.37176E-02,  2.54273E-02,  2.71862E-02,  2.89790E-02,  3.07887E-02,NA,NA,NA,NA,NA,NA,NA,NA,NA,NA,NA,NA,NA,NA,NA,NA,NA,  3.17680E-02,  2.99880E-02,  2.82136E-02,  2.64635E-02,  2.47540E-02,  2.30996E-02,  2.15119E-02,  1.99996E-02,  1.85687E-02,  1.72227E-02,  1.59628E-02,  1.47885E-02,  1.36978E-02,  1.26877E-02,  1.17543E-02,  1.08935E-02,  1.01007E-02,  9.37124E-03,  8.70061E-03,  8.08431E-03,  7.51807E-03,  6.99780E-03,  6.51970E-03,  6.08021E-03,  5.67602E-03,  5.30409E-03,
  4.72423E-03,  5.07446E-03,  5.45502E-03,  5.86863E-03,  6.31823E-03,  6.80698E-03,  7.33820E-03,  7.91542E-03,  8.54230E-03,  9.22258E-03,  9.96007E-03,  1.07585E-02,  1.16215E-02,  1.25523E-02,  1.35537E-02,  1.46278E-02,  1.57758E-02,  1.69977E-02,  1.82919E-02,  1.96551E-02,  2.10821E-02,  2.25655E-02,  2.40957E-02,  2.56610E-02,  2.72478E-02,  2.88405E-02,  3.04217E-02,NA,NA,NA,NA,NA,NA,NA,NA,NA,NA,NA,NA,NA,NA,NA,  3.12971E-02,  2.97571E-02,  2.81942E-02,  2.66269E-02,  2.50719E-02,  2.35443E-02,  2.20571E-02,  2.06211E-02,  1.92449E-02,  1.79348E-02,  1.66948E-02,  1.55273E-02,  1.44328E-02,  1.34105E-02,  1.24587E-02,  1.15747E-02,  1.07554E-02,  9.99738E-03,  9.29696E-03,  8.65037E-03,  8.05390E-03,  7.50389E-03,  6.99684E-03,  6.52941E-03,  6.09847E-03,  5.70104E-03,  5.33440E-03,
  4.76113E-03,  5.10580E-03,  5.47928E-03,  5.88401E-03,  6.32261E-03,  6.79784E-03,  7.31259E-03,  7.86989E-03,  8.47281E-03,  9.12447E-03,  9.82795E-03,  1.05862E-02,  1.14020E-02,  1.22776E-02,  1.32151E-02,  1.42154E-02,  1.52789E-02,  1.64048E-02,  1.75910E-02,  1.88337E-02,  2.01276E-02,  2.14656E-02,  2.28388E-02,  2.42364E-02,  2.56462E-02,  2.70540E-02,  2.84437E-02,  2.97969E-02,NA,NA,NA,NA,NA,NA,NA,NA,NA,NA,NA,NA,NA,  3.05607E-02,  2.92602E-02,  2.79111E-02,  2.65331E-02,  2.51435E-02,  2.37575E-02,  2.23888E-02,  2.10492E-02,  1.97488E-02,  1.84957E-02,  1.72962E-02,  1.61547E-02,  1.50740E-02,  1.40555E-02,  1.30992E-02,  1.22044E-02,  1.13693E-02,  1.05918E-02,  9.86926E-03,  9.19884E-03,  8.57751E-03,  8.00218E-03,  7.46980E-03,  6.97737E-03,  6.52200E-03,  6.10093E-03,  5.71155E-03,  5.35140E-03,
  4.78501E-03,  5.12306E-03,  5.48837E-03,  5.88310E-03,  6.30956E-03,  6.77016E-03,  7.26741E-03,  7.80384E-03,  8.38204E-03,  9.00457E-03,  9.67388E-03,  1.03923E-02,  1.11618E-02,  1.19841E-02,  1.28602E-02,  1.37907E-02,  1.47753E-02,  1.58124E-02,  1.68997E-02,  1.80333E-02,  1.92079E-02,  2.04168E-02,  2.16518E-02,  2.29030E-02,  2.41592E-02,  2.54074E-02,  2.66329E-02,  2.78188E-02,  2.89448E-02,  2.99873E-02,NA,NA,NA,NA,NA,NA,NA,NA,NA,  3.05554E-02,  2.95898E-02,  2.85273E-02,  2.73926E-02,  2.62071E-02,  2.49887E-02,  2.37533E-02,  2.25151E-02,  2.12863E-02,  2.00778E-02,  1.88989E-02,  1.77573E-02,  1.66590E-02,  1.56086E-02,  1.46092E-02,  1.36625E-02,  1.27695E-02,  1.19299E-02,  1.11428E-02,  1.04068E-02,  9.71991E-03,  9.08001E-03,  8.48469E-03,  7.93145E-03,  7.41774E-03,  6.94102E-03,  6.49883E-03,  6.08874E-03,  5.70848E-03,  5.35585E-03,
  4.79672E-03,  5.12726E-03,  5.48348E-03,  5.86730E-03,  6.28075E-03,  6.72590E-03,  7.20488E-03,  7.71985E-03,  8.27293E-03,  8.86619E-03,  9.50158E-03,  1.01808E-02,  1.09054E-02,  1.16763E-02,  1.24942E-02,  1.33590E-02,  1.42698E-02,  1.52251E-02,  1.62219E-02,  1.72566E-02,  1.83240E-02,  1.94177E-02,  2.05302E-02,  2.16525E-02,  2.27742E-02,  2.38836E-02,  2.49671E-02,  2.60093E-02,  2.69924E-02,  2.78959E-02,  2.86967E-02,  2.93700E-02,  2.98911E-02,  3.02384E-02,  3.03959E-02,  3.03568E-02,  3.01240E-02,  2.97096E-02,  2.91329E-02,  2.84171E-02,  2.75865E-02,  2.66644E-02,  2.56719E-02,  2.46277E-02,  2.35483E-02,  2.24480E-02,  2.13398E-02,  2.02350E-02,  1.91436E-02,  1.80740E-02,  1.70335E-02,  1.60279E-02,  1.50616E-02,  1.41380E-02,  1.32592E-02,  1.24263E-02,  1.16398E-02,  1.08994E-02,  1.02041E-02,  9.55264E-03,  8.94339E-03,  8.37448E-03,  7.84392E-03,  7.34961E-03,  6.88943E-03,  6.46128E-03,  6.06307E-03,  5.69281E-03,  5.34857E-03,
  4.79713E-03,  5.11942E-03,  5.46582E-03,  5.83803E-03,  6.23779E-03,  6.66689E-03,  7.12714E-03,  7.62032E-03,  8.14818E-03,  8.71237E-03,  9.31437E-03,  9.95548E-03,  1.06367E-02,  1.13585E-02,  1.21213E-02,  1.29243E-02,  1.37666E-02,  1.46463E-02,  1.55604E-02,  1.65052E-02,  1.74759E-02,  1.84666E-02,  1.94700E-02,  2.04782E-02,  2.14815E-02,  2.24692E-02,  2.34290E-02,  2.43473E-02,  2.52082E-02,  2.59944E-02,  2.66867E-02,  2.72655E-02,  2.77117E-02,  2.80089E-02,  2.81454E-02,  2.81160E-02,  2.79227E-02,  2.75741E-02,  2.70845E-02,  2.64714E-02,  2.57541E-02,  2.49514E-02,  2.40812E-02,  2.31598E-02,  2.22020E-02,  2.12207E-02,  2.02277E-02,  1.92334E-02,  1.82468E-02,  1.72758E-02,  1.63272E-02,  1.54064E-02,  1.45178E-02,  1.36647E-02,  1.28496E-02,  1.20738E-02,  1.13381E-02,  1.06427E-02,  9.98712E-03,  9.37050E-03,  8.79169E-03,  8.24929E-03,  7.74171E-03,  7.26727E-03,  6.82420E-03,  6.41074E-03,  6.02511E-03,  5.66557E-03,  5.33044E-03,
  4.78712E-03,  5.10056E-03,  5.43657E-03,  5.79663E-03,  6.18223E-03,  6.59491E-03,  7.03617E-03,  7.50750E-03,  8.01028E-03,  8.54583E-03,  9.11524E-03,  9.71943E-03,  1.03590E-02,  1.10342E-02,  1.17448E-02,  1.24901E-02,  1.32688E-02,  1.40787E-02,  1.49171E-02,  1.57803E-02,  1.66636E-02,  1.75616E-02,  1.84677E-02,  1.93743E-02,  2.02729E-02,  2.11536E-02,  2.20055E-02,  2.28163E-02,  2.35724E-02,  2.42590E-02,  2.48603E-02,  2.53607E-02,  2.57452E-02,  2.60014E-02,  2.61204E-02,  2.60982E-02,  2.59362E-02,  2.56407E-02,  2.52224E-02,  2.46947E-02,  2.40727E-02,  2.33720E-02,  2.26074E-02,  2.17931E-02,  2.09421E-02,  2.00660E-02,  1.91754E-02,  1.82797E-02,  1.73874E-02,  1.65055E-02,  1.56405E-02,  1.47973E-02,  1.39804E-02,  1.31929E-02,  1.24374E-02,  1.17155E-02,  1.10282E-02,  1.03760E-02,  9.75886E-03,  9.17625E-03,  8.62743E-03,  8.11135E-03,  7.62681E-03,  7.17247E-03,  6.74687E-03,  6.34855E-03,  5.97601E-03,  5.62775E-03,  5.30231E-03,
  4.76759E-03,  5.07171E-03,  5.39690E-03,  5.74442E-03,  6.11557E-03,  6.51162E-03,  6.93385E-03,  7.38343E-03,  7.86150E-03,  8.36902E-03,  8.90682E-03,  9.47547E-03,  1.00753E-02,  1.07062E-02,  1.13678E-02,  1.20592E-02,  1.27788E-02,  1.35245E-02,  1.42935E-02,  1.50823E-02,  1.58866E-02,  1.67012E-02,  1.75200E-02,  1.83362E-02,  1.91419E-02,  1.99283E-02,  2.06856E-02,  2.14031E-02,  2.20689E-02,  2.26705E-02,  2.31950E-02,  2.36298E-02,  2.39631E-02,  2.41853E-02,  2.42896E-02,  2.42729E-02,  2.41360E-02,  2.38838E-02,  2.35243E-02,  2.30679E-02,  2.25267E-02,  2.19132E-02,  2.12400E-02,  2.05193E-02,  1.97622E-02,  1.89792E-02,  1.81798E-02,  1.73726E-02,  1.65650E-02,  1.57639E-02,  1.49749E-02,  1.42029E-02,  1.34520E-02,  1.27254E-02,  1.20256E-02,  1.13544E-02,  1.07130E-02,  1.01022E-02,  9.52199E-03,  8.97238E-03,  8.45288E-03,  7.96275E-03,  7.50110E-03,  7.06688E-03,  6.65893E-03,  6.27604E-03,  5.91694E-03,  5.58037E-03,  5.26506E-03,
  4.73938E-03,  5.03384E-03,  5.34790E-03,  5.68265E-03,  6.03919E-03,  6.41858E-03,  6.82187E-03,  7.25001E-03,  7.70386E-03,  8.18415E-03,  8.69143E-03,  9.22603E-03,  9.78803E-03,  1.03771E-02,  1.09927E-02,  1.16338E-02,  1.22986E-02,  1.29851E-02,  1.36906E-02,  1.44117E-02,  1.51444E-02,  1.58837E-02,  1.66243E-02,  1.73597E-02,  1.80830E-02,  1.87861E-02,  1.94604E-02,  2.00965E-02,  2.06843E-02,  2.12132E-02,  2.16726E-02,  2.20521E-02,  2.23426E-02,  2.25363E-02,  2.26281E-02,  2.26155E-02,  2.24991E-02,  2.22824E-02,  2.19718E-02,  2.15754E-02,  2.11028E-02,  2.05643E-02,  1.99703E-02,  1.93313E-02,  1.86570E-02,  1.79566E-02,  1.72385E-02,  1.65105E-02,  1.57794E-02,  1.50513E-02,  1.43316E-02,  1.36248E-02,  1.29347E-02,  1.22646E-02,  1.16168E-02,  1.09932E-02,  1.03952E-02,  9.82360E-03,  9.27888E-03,  8.76113E-03,  8.27011E-03,  7.80539E-03,  7.36631E-03,  6.95208E-03,  6.56178E-03,  6.19444E-03,  5.84900E-03,  5.52440E-03,  5.21956E-03,
  4.70336E-03,  4.98790E-03,  5.29064E-03,  5.61250E-03,  5.95440E-03,  6.31724E-03,  6.70183E-03,  7.10894E-03,  7.53921E-03,  7.99315E-03,  8.47111E-03,  8.97322E-03,  9.49933E-03,  1.00490E-02,  1.06215E-02,  1.12157E-02,  1.18298E-02,  1.24619E-02,  1.31092E-02,  1.37686E-02,  1.44363E-02,  1.51078E-02,  1.57780E-02,  1.64413E-02,  1.70912E-02,  1.77207E-02,  1.83221E-02,  1.88873E-02,  1.94075E-02,  1.98739E-02,  2.02776E-02,  2.06103E-02,  2.08645E-02,  2.10343E-02,  2.11154E-02,  2.11059E-02,  2.10062E-02,  2.08191E-02,  2.05495E-02,  2.02038E-02,  1.97897E-02,  1.93157E-02,  1.87906E-02,  1.82232E-02,  1.76218E-02,  1.69946E-02,  1.63491E-02,  1.56921E-02,  1.50299E-02,  1.43680E-02,  1.37114E-02,  1.30643E-02,  1.24302E-02,  1.18123E-02,  1.12129E-02,  1.06339E-02,  1.00768E-02,  9.54250E-03,  9.03163E-03,  8.54446E-03,  8.08100E-03,  7.64099E-03,  7.22403E-03,  6.82951E-03,  6.45675E-03,  6.10495E-03,  5.77326E-03,  5.46080E-03,  5.16664E-03,
  4.66031E-03,  4.93480E-03,  5.22612E-03,  5.53508E-03,  5.86243E-03,  6.20890E-03,  6.57515E-03,  6.96175E-03,  7.36918E-03,  7.79776E-03,  8.24766E-03,  8.71883E-03,  9.21102E-03,  9.72365E-03,  1.02559E-02,  1.08064E-02,  1.13737E-02,  1.19556E-02,  1.25497E-02,  1.31528E-02,  1.37616E-02,  1.43718E-02,  1.49788E-02,  1.55776E-02,  1.61622E-02,  1.67266E-02,  1.72639E-02,  1.77670E-02,  1.82285E-02,  1.86409E-02,  1.89970E-02,  1.92897E-02,  1.95132E-02,  1.96626E-02,  1.97345E-02,  1.97274E-02,  1.96416E-02,  1.94792E-02,  1.92441E-02,  1.89415E-02,  1.85775E-02,  1.81593E-02,  1.76941E-02,  1.71893E-02,  1.66523E-02,  1.60901E-02,  1.55093E-02,  1.49161E-02,  1.43160E-02,  1.37141E-02,  1.31149E-02,  1.25223E-02,  1.19398E-02,  1.13702E-02,  1.08158E-02,  1.02785E-02,  9.75980E-03,  9.26074E-03,  8.78205E-03,  8.32415E-03,  7.88720E-03,  7.47114E-03,  7.07571E-03,  6.70052E-03,  6.34505E-03,  6.00868E-03,  5.69073E-03,  5.39046E-03,  5.10712E-03,
  4.61103E-03,  4.87538E-03,  5.15530E-03,  5.45143E-03,  5.76440E-03,  6.09480E-03,  6.44314E-03,  6.80985E-03,  7.19523E-03,  7.59947E-03,  8.02260E-03,  8.46444E-03,  8.92461E-03,  9.40245E-03,  9.89703E-03,  1.04071E-02,  1.09310E-02,  1.14668E-02,  1.20121E-02,  1.25641E-02,  1.31194E-02,  1.36743E-02,  1.42245E-02,  1.47655E-02,  1.52921E-02,  1.57987E-02,  1.62795E-02,  1.67283E-02,  1.71387E-02,  1.75045E-02,  1.78194E-02,  1.80780E-02,  1.82751E-02,  1.84070E-02,  1.84710E-02,  1.84658E-02,  1.83915E-02,  1.82500E-02,  1.80442E-02,  1.77783E-02,  1.74575E-02,  1.70875E-02,  1.66745E-02,  1.62247E-02,  1.57445E-02,  1.52400E-02,  1.47169E-02,  1.41809E-02,  1.36367E-02,  1.30892E-02,  1.25423E-02,  1.19996E-02,  1.14644E-02,  1.09394E-02,  1.04268E-02,  9.92839E-03,  9.44573E-03,  8.97991E-03,  8.53174E-03,  8.10174E-03,  7.69021E-03,  7.29723E-03,  6.92269E-03,  6.56634E-03,  6.22782E-03,  5.90667E-03,  5.60235E-03,  5.31426E-03,  5.04177E-03,
  4.55625E-03,  4.81047E-03,  5.07903E-03,  5.36249E-03,  5.66134E-03,  5.97604E-03,  6.30698E-03,  6.65445E-03,  7.01865E-03,  7.39962E-03,  7.79729E-03,  8.21137E-03,  8.64140E-03,  9.08665E-03,  9.54616E-03,  1.00187E-02,  1.05026E-02,  1.09960E-02,  1.14967E-02,  1.20019E-02,  1.25087E-02,  1.30137E-02,  1.35129E-02,  1.40022E-02,  1.44771E-02,  1.49325E-02,  1.53635E-02,  1.57646E-02,  1.61304E-02,  1.64556E-02,  1.67351E-02,  1.69641E-02,  1.71387E-02,  1.72556E-02,  1.73127E-02,  1.73089E-02,  1.72443E-02,  1.71204E-02,  1.69396E-02,  1.67053E-02,  1.64217E-02,  1.60935E-02,  1.57261E-02,  1.53246E-02,  1.48946E-02,  1.44413E-02,  1.39698E-02,  1.34850E-02,  1.29913E-02,  1.24929E-02,  1.19935E-02,  1.14965E-02,  1.10048E-02,  1.05209E-02,  1.00470E-02,  9.58484E-03,  9.13591E-03,  8.70136E-03,  8.28205E-03,  7.87858E-03,  7.49134E-03,  7.12052E-03,  6.76614E-03,  6.42809E-03,  6.10612E-03,  5.79990E-03,  5.50902E-03,  5.23300E-03,  4.97133E-03,
  4.49665E-03,  4.74080E-03,  4.99815E-03,  5.26915E-03,  5.55419E-03,  5.85362E-03,  6.16772E-03,  6.49667E-03,  6.84056E-03,  7.19936E-03,  7.57287E-03,  7.96074E-03,  8.36244E-03,  8.77722E-03,  9.20407E-03,  9.64177E-03,  1.00888E-02,  1.05433E-02,  1.10031E-02,  1.14659E-02,  1.19287E-02,  1.23885E-02,  1.28418E-02,  1.32848E-02,  1.37136E-02,  1.41236E-02,  1.45106E-02,  1.48698E-02,  1.51966E-02,  1.54865E-02,  1.57351E-02,  1.59387E-02,  1.60937E-02,  1.61977E-02,  1.62488E-02,  1.62461E-02,  1.61898E-02,  1.60809E-02,  1.59215E-02,  1.57143E-02,  1.54629E-02,  1.51712E-02,  1.48436E-02,  1.44846E-02,  1.40989E-02,  1.36911E-02,  1.32657E-02,  1.28268E-02,  1.23786E-02,  1.19247E-02,  1.14686E-02,  1.10132E-02,  1.05614E-02,  1.01154E-02,  9.67731E-03,  9.24885E-03,  8.83146E-03,  8.42626E-03,  8.03417E-03,  7.65584E-03,  7.29173E-03,  6.94213E-03,  6.60715E-03,  6.28678E-03,  5.98089E-03,  5.68925E-03,  5.41156E-03,  5.14745E-03,  4.89651E-03,
  4.43288E-03,  4.66709E-03,  4.91341E-03,  5.17222E-03,  5.44381E-03,  5.72844E-03,  6.02629E-03,  6.33747E-03,  6.66197E-03,  6.99967E-03,  7.35031E-03,  7.71349E-03,  8.08862E-03,  8.47493E-03,  8.87142E-03,  9.27689E-03,  9.68986E-03,  1.01086E-02,  1.05311E-02,  1.09551E-02,  1.13781E-02,  1.17971E-02,  1.22091E-02,  1.26107E-02,  1.29983E-02,  1.33681E-02,  1.37161E-02,  1.40384E-02,  1.43310E-02,  1.45901E-02,  1.48119E-02,  1.49933E-02,  1.51314E-02,  1.52241E-02,  1.52700E-02,  1.52682E-02,  1.52188E-02,  1.51229E-02,  1.49819E-02,  1.47982E-02,  1.45748E-02,  1.43149E-02,  1.40222E-02,  1.37006E-02,  1.33541E-02,  1.29868E-02,  1.26024E-02,  1.22048E-02,  1.17975E-02,  1.13839E-02,  1.09671E-02,  1.05498E-02,  1.01344E-02,  9.72334E-03,  9.31839E-03,  8.92123E-03,  8.53324E-03,  8.15556E-03,  7.78909E-03,  7.43453E-03,  7.09240E-03,  6.76305E-03,  6.44667E-03,  6.14333E-03,  5.85299E-03,  5.57553E-03,  5.31072E-03,  5.05831E-03,  4.81795E-03,
  4.36556E-03,  4.58998E-03,  4.82551E-03,  5.07243E-03,  5.33097E-03,  5.60130E-03,  5.88354E-03,  6.17770E-03,  6.48372E-03,  6.80140E-03,  7.13045E-03,  7.47040E-03,  7.82064E-03,  8.18040E-03,  8.54869E-03,  8.92434E-03,  9.30595E-03,  9.69188E-03,  1.00803E-02,  1.04691E-02,  1.08558E-02,  1.12380E-02,  1.16129E-02,  1.19773E-02,  1.23282E-02,  1.26621E-02,  1.29757E-02,  1.32655E-02,  1.35280E-02,  1.37600E-02,  1.39584E-02,  1.41205E-02,  1.42439E-02,  1.43269E-02,  1.43681E-02,  1.43670E-02,  1.43236E-02,  1.42388E-02,  1.41137E-02,  1.39504E-02,  1.37513E-02,  1.35192E-02,  1.32572E-02,  1.29686E-02,  1.26569E-02,  1.23255E-02,  1.19778E-02,  1.16172E-02,  1.12469E-02,  1.08697E-02,  1.04886E-02,  1.01059E-02,  9.72406E-03,  9.34507E-03,  8.97072E-03,  8.60259E-03,  8.24199E-03,  7.89003E-03,  7.54764E-03,  7.21551E-03,  6.89421E-03,  6.58413E-03,  6.28553E-03,  5.99855E-03,  5.72322E-03,  5.45949E-03,  5.20722E-03,  4.96623E-03,  4.73626E-03,
  4.29524E-03,  4.51006E-03,  4.73506E-03,  4.97044E-03,  5.21636E-03,  5.47293E-03,  5.74020E-03,  6.01812E-03,  6.30656E-03,  6.60529E-03,  6.91397E-03,  7.23210E-03,  7.55907E-03,  7.89409E-03,  8.23621E-03,  8.58430E-03,  8.93702E-03,  9.29286E-03,  9.65009E-03,  1.00068E-02,  1.03607E-02,  1.07097E-02,  1.10510E-02,  1.13822E-02,  1.17002E-02,  1.20022E-02,  1.22853E-02,  1.25463E-02,  1.27823E-02,  1.29906E-02,  1.31685E-02,  1.33137E-02,  1.34243E-02,  1.34987E-02,  1.35358E-02,  1.35353E-02,  1.34971E-02,  1.34218E-02,  1.33106E-02,  1.31650E-02,  1.29872E-02,  1.27795E-02,  1.25444E-02,  1.22850E-02,  1.20041E-02,  1.17047E-02,  1.13899E-02,  1.10625E-02,  1.07254E-02,  1.03812E-02,  1.00324E-02,  9.68140E-03,  9.33020E-03,  8.98071E-03,  8.63461E-03,  8.29337E-03,  7.95825E-03,  7.63033E-03,  7.31051E-03,  6.99951E-03,  6.69791E-03,  6.40613E-03,  6.12448E-03,  5.85316E-03,  5.59226E-03,  5.34179E-03,  5.10168E-03,  4.87181E-03,  4.65200E-03,
